fp_plate	fp_well	miseq_plate	miseq_well	miseq_experiment_name

HUMUT0001_2	A06	Miseq_037	145	HUEDQ0524_PMS2_2
HUMUT0001_2	E03	Miseq_028	145	HUEDQ0518_PMS2_2
HUMUT0001_2	F01	Miseq_030	171	HUEDQ0519_PMS2_2
HUMUT0001_2	F02	Miseq_030	170	HUEDQ0519_PMS2_2
HUMUT0001_2	F10	Miseq_030	172	HUEDQ0519_PMS2_2
HUMUT0001_2	G07	Miseq_030	169	HUEDQ0519_PMS2_2
HUMUT0001_4F	A06	Miseq_028	147	HUEDQ0518_MLH1_2
HUMUT0001_4F	F09	Miseq_028	146	HUEDQ0518_MLH1_2
HUMUT0001_4F	G03	Miseq_028	148	HUEDQ0518_MLH1_2
HUMUT0001_4F	G09	Miseq_028	149	HUEDQ0518_MLH1_2
HUPFP0007_1	A02	Miseq_015	141	HUPEPD0504_MCEMP1_1
HUPFP0007_1	A03	Miseq_016	109	HUEDQ0505_MCEMP1_1
HUPFP0007_1	D10	Miseq_023	166	HUEDQ0514_MCEMP1_1
HUPFP0007_1	E02	Miseq_021	167	HUEDQ0512_MCEMP1_1
HUPFP0007_1	E08	Miseq_015	142	HUPEPD0504_MCEMP1_1
HUPFP0007_1	E09	Miseq_016	110	HUEDQ0505_MCEMP1_1
HUPFP0007_1	G02	Miseq_021	138	HUEDQ0511_MCEMP1_1
HUPFP0007_3	A03	Miseq_014	146	HUEDQ0502_FCER1G_1
HUPFP0007_3	D05	Miseq_014	114	HUEDQ0502_FCER1G_1
HUPFP0007_3	E06	Miseq_014	154	HUEDQ0502_FCER1G_1
HUPFP0007_3	E08	Miseq_014	130	HUEDQ0502_FCER1G_1
HUPFP0007_3	F07	Miseq_014	122	HUEDQ0502_FCER1G_1
HUPFP0007_3	H03	Miseq_014	138	HUEDQ0502_FCER1G_1
HUPFP0007_4	A03	Miseq_016	101	HUEDQ0505_MGST_1
HUPFP0007_4	A07	Miseq_016	102	HUEDQ0505_MGST_1
HUPFP0007_4	A08	Miseq_016	97	HUEDQ0505_MGST_1
HUPFP0007_4	B03	Miseq_016	98	HUEDQ0505_MGST_1
HUPFP0007_4	D01	Miseq_016	100	HUEDQ0505_MGST_1
HUPFP0007_4	D08	Miseq_016	99	HUEDQ0505_MGST_1
HUPFP0007_4	E03	Miseq_023	189	HUEDQ0513_MGST_1
HUPFP0007_4	H01	Miseq_023	190	HUEDQ0513_MGST_1
HUPFP0008_2	A01	Miseq_021	102	HUEDQ0508_A
HUPFP0008_2	A03	Miseq_018	131	HUEDQ0508_GK_1
HUPFP0008_2	B01	Miseq_018	132	HUEDQ0508_GK_1
HUPFP0008_2	B02	Miseq_021	101	HUEDQ0508_A
HUPFP0008_2	C01	Miseq_018	136	HUEDQ0508_GK_1
HUPFP0008_4	A11	Miseq_024	146	HUEDQ0514_A
HUPFP0008_4	B11	Miseq_024	149	HUEDQ0514_A
HUPFP0008_4	E03	Miseq_024	150	HUEDQ0514_A
HUPFP0008_4	F03	Miseq_024	148	HUEDQ0514_A
HUPFP0008_4	F05	Miseq_024	145	HUEDQ0514_A
HUPFP0008_4	H10	Miseq_024	147	HUEDQ0514_A
HUPFP0008_99	A01	Miseq_016	97	HUEDQ0506_CPVL_1
HUPFP0008_99	B01	Miseq_016	99	HUEDQ0506_CPVL_1
HUPFP0008_99	C01	Miseq_016	100	HUEDQ0506_CPVL_1
HUPFP0008_99	E01	Miseq_016	98	HUEDQ0506_CPVL_1
HUPFP0011_2	A01	Miseq_015	107	HUPEPD0503_RAB13_1
HUPFP0011_2	C01	Miseq_015	106	HUPEPD0503_RAB13_1
HUPFP0011_2	E01	Miseq_015	105	HUPEPD0503_RAB13_1
HUPFP0011_2	G04	Miseq_016	119	HUEDQ0505_RAB13_1
HUPFP0015_1	A04	Miseq_016	106	HUEDQ0505_ASXL3_3
HUPFP0015_1	A09	Miseq_016	103	HUEDQ0505_ASXL3_3
HUPFP0015_1	A10	Miseq_016	104	HUEDQ0505_ASXL3_3
HUPFP0015_1	B01	Miseq_018	120	HUEDQ0507_ASXL3_3
HUPFP0015_1	B03	Miseq_023	163	HUEDQ0514_ASXL3_3
HUPFP0015_1	C06	Miseq_016	105	HUEDQ0505_ASXL3_3
HUPFP0015_2	A03	Miseq_022	105	HUEDQ0510_C_KDM5B_1
HUPFP0015_2	B03	Miseq_018	109	HUEDQ0507_KDM5B_3
HUPFP0015_2	B05	Miseq_022	106	HUEDQ0510_C_KDM5B_1
HUPFP0015_2	C05	Miseq_018	108	HUEDQ0507_KDM5B_3
HUPFP0015_2	E04	Miseq_018	110	HUEDQ0507_KDM5B_3
HUPFP0015_2	G02	Miseq_022	104	HUEDQ0510_C_KDM5B_1
HUPFP0015_3	A01	Miseq_021	137	HUEDQ0511_CREBBP_1
HUPFP0015_4	A03	Miseq_021	126	HUEDQ0511_SETD1B_3
HUPFP0015_4	A04	Miseq_021	127	HUEDQ0511_SETD1B_3
HUPFP0015_4	B07	Miseq_018	124	HUEDQ0508_SETD1B_2
HUPFP0015_4	C02	Miseq_018	125	HUEDQ0508_SETD1B_2
HUPFP0017_3	B04	Miseq_023	165	HUEDQ0514_EHMT1_1
HUPFP0017_4	A01	Miseq_016	116	HUEDQ0505_CHD4_1
HUPFP0017_4	B02	Miseq_016	117	HUEDQ0505_CHD4_1
HUPFP0017_4	B03	Miseq_023	185	HUEDQ0513_CHD4_1
HUPFP0018_1	A03	Miseq_014	177	HUEDQ0502_ANKRD11_1
HUPFP0018_1	A04	Miseq_014	153	HUEDQ0502_ANKRD11_1
HUPFP0018_1	B02	Miseq_014	169	HUEDQ0502_ANKRD11_1
HUPFP0018_1	B03	Miseq_014	161	HUEDQ0502_ANKRD11_1
HUPFP0018_1	C05	Miseq_014	145	HUEDQ0502_ANKRD11_1
HUPFP0018_2	B10	Miseq_018	161	HUEDQ0509_EP300_1
HUPFP0018_2	C08	Miseq_015	130	HUPEPD0504_EP300_1
HUPFP0018_2	D06	Miseq_015	127	HUPEPD0504_EP300_1
HUPFP0018_2	D12	Miseq_015	128	HUPEPD0504_EP300_1
HUPFP0018_2	E06	Miseq_015	131	HUPEPD0504_EP300_1
HUPFP0018_2	H05	Miseq_015	129	HUPEPD0504_EP300_1
HUPFP0018_3	A05	Miseq_015	135	HUPEPD0504_GATAD2B_1
HUPFP0018_3	A07	Miseq_015	132	HUPEPD0504_GATAD2B_1
HUPFP0018_3	A08	Miseq_015	134	HUPEPD0504_GATAD2B_1
HUPFP0018_3	A09	Miseq_015	137	HUPEPD0504_GATAD2B_1
HUPFP0018_3	D12	Miseq_023	160	HUEDQ0514_GATAD2B_1
HUPFP0018_3	E02	Miseq_015	136	HUPEPD0504_GATAD2B_1
HUPFP0018_3	E04	Miseq_015	133	HUPEPD0504_GATAD2B_1
HUPFP0018_3	F11	Miseq_023	159	HUEDQ0514_GATAD2B_1
HUPFP0019_1	A01	Miseq_015	102	HUPEPD0503_SMARCA2_1
HUPFP0019_1	B01	Miseq_015	143	HUPEPD0504_SMARCA2_1
HUPFP0019_1	C01	Miseq_015	101	HUPEPD0503_SMARCA2_1
HUPFP0019_1	C07	Miseq_015	144	HUPEPD0504_SMARCA2_1
HUPFP0019_1	G07	Miseq_015	103	HUPEPD0503_SMARCA2_1
HUPFP0019_1	H07	Miseq_015	104	HUPEPD0503_SMARCA2_1
HUPFP0019_2	B03	Miseq_015	114	HUPEPD0503_MED13L_1
HUPFP0019_2	D01	Miseq_015	115	HUPEPD0503_MED13L_1
HUPFP0019_2	D02	Miseq_016	120	HUEDQ0505_MED13L_1
HUPFP0019_2	G02	Miseq_015	113	HUPEPD0503_MED13L_1
HUPFP0019_3	A06	Miseq_027	117	HUEDQ0516_NSD1_1
HUPFP0019_3	B02	Miseq_027	119	HUEDQ0516_NSD1_1
HUPFP0019_3	D05	Miseq_027	116	HUEDQ0516_NSD1_1
HUPFP0019_3	E02	Miseq_027	118	HUEDQ0516_NSD1_1
HUPFP0019_3	F01	Miseq_027	120	HUEDQ0516_NSD1_1
HUPFP0019_3	H01	Miseq_027	115	HUEDQ0516_NSD1_1
HUPFP0020_1	A01	Miseq_018	127	HUEDQ0508_ADNP_1
HUPFP0020_1	A02	Miseq_018	126	HUEDQ0508_ADNP_1
HUPFP0020_1	B04	Miseq_021	128	HUEDQ0511_ADNP_1
HUPFP0020_1	C07	Miseq_021	129	HUEDQ0511_ADNP_1
HUPFP0020_11	A01	Miseq_018	114	HUEDQ0507_IFNE
HUPFP0020_11	A02	Miseq_018	115	HUEDQ0507_IFNE
HUPFP0020_11	E06	Miseq_018	116	HUEDQ0507_IFNE
HUPFP0020_12	A08	Miseq_016	105	HUEDQ0506_IFNB_1
HUPFP0020_12	A09	Miseq_016	108	HUEDQ0506_IFNB_1
HUPFP0020_12	B08	Miseq_016	107	HUEDQ0506_IFNB_1
HUPFP0020_12	E08	Miseq_021	132	HUEDQ0511_IFNB_1
HUPFP0020_12	F08	Miseq_016	106	HUEDQ0506_IFNB_1
HUPFP0020_3	A01	Miseq_018	113	HUEDQ0507_SMARCA4_1
HUPFP0020_3	A02	Miseq_018	112	HUEDQ0507_SMARCA4_1
HUPFP0020_3	D03	Miseq_018	111	HUEDQ0507_SMARCA4_1
HUPFP0020_4	A01	Miseq_016	110	HUEDQ0506_TCF4_1
HUPFP0020_4	A02	Miseq_016	109	HUEDQ0506_TCF4_1
HUPFP0020_4	H12	Miseq_016	111	HUEDQ0506_TCF4_1
HUPFP0020_9	E02	Miseq_018	165	HUEDQ0509_RAB32_2
HUPFP0020_9	F01	Miseq_016	119	HUEDQ0506_RAB32_2
HUPFP0020_9	G12	Miseq_018	107	HUEDQ0507_RAB32_2
HUPFP0020_9	H09	Miseq_021	133	HUEDQ0511_RAB32_2
HUPFP0020_9	H11	Miseq_016	120	HUEDQ0506_RAB32_2
HUPFP0021_10	A02	Miseq_018	128	HUEDQ0508_PTGES_1
HUPFP0021_10	A04	Miseq_018	129	HUEDQ0508_PTGES_1
HUPFP0021_10	C03	Miseq_018	130	HUEDQ0508_PTGES_1
HUPFP0021_11	A01	Miseq_018	98	HUEDQ0507_PTGER2_1
HUPFP0021_11	A02	Miseq_018	100	HUEDQ0507_PTGER2_1
HUPFP0021_11	A07	Miseq_018	101	HUEDQ0507_PTGER2_1
HUPFP0021_11	A08	Miseq_018	97	HUEDQ0507_PTGER2_1
HUPFP0021_11	F04	Miseq_018	99	HUEDQ0507_PTGER2_1
HUPFP0021_11	F06	Miseq_028	144	HUEDQ0517_PTGER2_1
HUPFP0021_12	A02	Miseq_023	175	HUEDQ0513_PTGER4_1
HUPFP0021_12	A03	Miseq_023	176	HUEDQ0513_PTGER4_1
HUPFP0021_12	A04	Miseq_023	177	HUEDQ0513_PTGER4_1
HUPFP0021_12	A09	Miseq_023	168	HUEDQ0514_PTGER4_1
HUPFP0021_12	B04	Miseq_023	174	HUEDQ0513_PTGER4_1
HUPFP0021_12	F01	Miseq_023	178	HUEDQ0513_PTGER4_1
HUPFP0021_14	A01	Miseq_016	114	HUEDQ0506_PDLIM7_2
HUPFP0021_14	A02	Miseq_018	162	HUEDQ0509_PDLIM7_2
HUPFP0021_14	B01	Miseq_018	163	HUEDQ0509_PDLIM7_2
HUPFP0021_14	C03	Miseq_018	164	HUEDQ0509_PDLIM7_2
HUPFP0021_14	F01	Miseq_016	113	HUEDQ0506_PDLIM7_2
HUPFP0021_14	G11	Miseq_016	112	HUEDQ0506_PDLIM7_2
HUPFP0021_15	A02	Miseq_018	137	HUEDQ0508_S100A9_2
HUPFP0021_15	A03	Miseq_018	138	HUEDQ0508_S100A9_2
HUPFP0021_15	C02	Miseq_018	139	HUEDQ0508_S100A9_2
HUPFP0021_15	C03	Miseq_018	142	HUEDQ0508_S100A9_2
HUPFP0021_15	C11	Miseq_018	140	HUEDQ0508_S100A9_2
HUPFP0021_15	D03	Miseq_018	141	HUEDQ0508_S100A9_2
HUPFP0021_15	D08	Miseq_018	143	HUEDQ0508_S100A9_2
HUPFP0021_2	A03	Miseq_019	172	HUEDQ0510_AHR1
HUPFP0021_2	A08	Miseq_022	100	HUEDQ0510_C_AHR_1
HUPFP0021_2	D01	Miseq_021	159	HUEDQ0512_AHR_1
HUPFP0021_2	G06	Miseq_019	171	HUEDQ0510_AHR1
HUPFP0021_3	A01	Miseq_018	157	HUEDQ0509_NHLRC2_1
HUPFP0021_3	A02	Miseq_018	153	HUEDQ0509_NHLRC2_1
HUPFP0021_3	B02	Miseq_018	159	HUEDQ0509_NHLRC2_1
HUPFP0021_3	D06	Miseq_018	154	HUEDQ0509_NHLRC2_1
HUPFP0021_3	G04	Miseq_018	155	HUEDQ0509_NHLRC2_1
HUPFP0021_3	H02	Miseq_018	156	HUEDQ0509_NHLRC2_1
HUPFP0021_3	H09	Miseq_018	160	HUEDQ0509_NHLRC2_1
HUPFP0021_5	A02	Miseq_021	130	HUEDQ0511_YDJC_1
HUPFP0021_5	A03	Miseq_021	131	HUEDQ0511_YDJC_1
HUPFP0021_5	H02	Miseq_023	164	HUEDQ0514_YDJC_1
HUPFP0021_6	B01	Miseq_021	125	HUEDQ0511_IFNAR1_1
HUPFP0021_6	B02	Miseq_021	121	HUEDQ0511_IFNAR1_1
HUPFP0021_6	B08	Miseq_021	124	HUEDQ0511_IFNAR1_1
HUPFP0021_6	D08	Miseq_021	122	HUEDQ0511_IFNAR1_1
HUPFP0021_6	G07	Miseq_021	123	HUEDQ0511_IFNAR1_1
HUPFP0021_7	C11	Miseq_018	147	HUEDQ0509_IFITM3_3
HUPFP0021_7	E01	Miseq_018	148	HUEDQ0509_IFITM3_3
HUPFP0021_7	E08	Miseq_018	149	HUEDQ0509_IFITM3_3
HUPFP0021_7	F01	Miseq_018	150	HUEDQ0509_IFITM3_3
HUPFP0021_7	G01	Miseq_018	152	HUEDQ0509_IFITM3_3
HUPFP0021_7	H09	Miseq_018	151	HUEDQ0509_IFITM3_3
HUPFP0021_7	H12	Miseq_018	145	HUEDQ0509_IFITM3_3
HUPFP0022_1	B04	Miseq_019	175	HUEDQ0510_NEK7_1
HUPFP0022_1	C01	Miseq_019	173	HUEDQ0510_NEK7_1
HUPFP0022_1	C02	Miseq_019	176	HUEDQ0510_NEK7_1
HUPFP0022_1	G12	Miseq_019	174	HUEDQ0510_NEK7_1
HUPFP0022_2	A01	Miseq_023	186	HUEDQ0513_AIM2_1
HUPFP0022_2	A02	Miseq_019	190	HUEDQ0510_AIM2_1
HUPFP0022_2	B05	Miseq_019	191	HUEDQ0510_AIM2_1
HUPFP0022_2	D06	Miseq_019	189	HUEDQ0510_AIM2_1
HUPFP0022_3	A01	Miseq_019	188	HUEDQ0510_CFTR_1
HUPFP0022_3	A02	Miseq_019	187	HUEDQ0510_CFTR_1
HUPFP0022_3	A04	Miseq_019	186	HUEDQ0510_CFTR_1
HUPFP0022_3	B02	Miseq_019	185	HUEDQ0510_CFTR_1
HUPFP0023_2	A02	Miseq_021	166	HUEDQ0512_SETD1B_4
HUPFP0023_2	A03	Miseq_021	165	HUEDQ0512_SETD1B_4
HUPFP0023_2	D10	Miseq_021	168	HUEDQ0512_SETD1B_4
HUPFP0023_2	E01	Miseq_022	192	HUEDQ0512_A_SETD1B_4
HUPFP0023_3	A02	Miseq_021	140	HUEDQ0511_NHLRC2_2
HUPFP0023_3	H05	Miseq_021	139	HUEDQ0511_NHLRC2_2
HUPFP0023_5	A02	Miseq_021	135	HUEDQ0511_SATB2_2
HUPFP0023_5	A09	Miseq_021	136	HUEDQ0511_SATB2_2
HUPFP0023_5	B07	Miseq_021	157	HUEDQ0512_SATB2_1
HUPFP0023_5	G10	Miseq_023	152	HUEDQ0514_SATB2_2
HUPFP0023_5	G12	Miseq_021	158	HUEDQ0512_SATB2_1
HUPFP0023_5	H10	Miseq_023	151	HUEDQ0514_SATB2_2
HUPFP0024_1	A01	Miseq_021	152	HUEDQ0512_TBX15_1
HUPFP0024_1	A02	Miseq_021	156	HUEDQ0512_TBX15_1
HUPFP0024_1	B01	Miseq_021	154	HUEDQ0512_TBX15_1
HUPFP0024_1	C10	Miseq_021	155	HUEDQ0512_TBX15_1
HUPFP0024_1	D08	Miseq_021	153	HUEDQ0512_TBX15_1
HUPFP0024_3	A01	Miseq_021	150	HUEDQ0512_WARS2_1
HUPFP0024_3	A02	Miseq_021	145	HUEDQ0512_WARS2_1
HUPFP0024_3	A03	Miseq_021	148	HUEDQ0512_WARS2_1
HUPFP0024_3	B03	Miseq_021	147	HUEDQ0512_WARS2_1
HUPFP0024_3	B10	Miseq_021	149	HUEDQ0512_WARS2_1
HUPFP0024_3	D07	Miseq_021	146	HUEDQ0512_WARS2_1
HUPFP0024_8	B04	Miseq_023	184	HUEDQ0513_PHF8_2
HUPFP0024_8	B05	Miseq_023	179	HUEDQ0513_PHF8_2
HUPFP0024_8	C09	Miseq_023	183	HUEDQ0513_PHF8_2
HUPFP0024_8	E03	Miseq_027	108	HUEDQ0516_PHF8_2
HUPFP0024_8	F08	Miseq_023	182	HUEDQ0513_PHF8_2
HUPFP0024_8	G09	Miseq_023	181	HUEDQ0513_PHF8_2
HUPFP0024_8	H03	Miseq_023	180	HUEDQ0513_PHF8_2
HUPFP0025_1	A03	Miseq_027	98	HUEDQ0516_STK11_1
HUPFP0025_1	B12	Miseq_023	155	HUEDQ0514_STK11_1
HUPFP0025_1	E08	Miseq_023	153	HUEDQ0514_STK11_1
HUPFP0025_1	E09	Miseq_023	154	HUEDQ0514_STK11_1
HUPFP0025_1	H03	Miseq_027	97	HUEDQ0516_STK11_1
HUPFP0025_4	C01	Miseq_027	109	HUEDQ0516_CASP8_1
HUPFP0025_8	A03	Miseq_023	158	HUEDQ0514_ARHGAP35_1
HUPFP0025_8	A10	Miseq_023	156	HUEDQ0514_ARHGAP35_1
HUPFP0025_8	A11	Miseq_023	157	HUEDQ0514_ARHGAP35_1
HUPFP0025_8	C04	Miseq_027	102	HUEDQ0516_ARHGAP35_1
HUPFP0025_8	C12	Miseq_037	164	HUEDQ0524_ARHGAP35_1
HUPFP0025_8	F09	Miseq_027	101	HUEDQ0516_ARHGAP35_1
HUPFP0026_1	A01	Miseq_023	171	HUEDQ0513_CMTR2_1
HUPFP0026_1	B03	Miseq_023	169	HUEDQ0513_CMTR2_1
HUPFP0026_1	B06	Miseq_030	173	HUEDQ0519_CMTR2_1
HUPFP0026_1	D01	Miseq_027	113	HUEDQ0516_CMTR2_1
HUPFP0026_1	D05	Miseq_023	170	HUEDQ0513_CMTR2_1
HUPFP0026_1	D07	Miseq_028	134	HUEDQ0517_CMTR2_1
HUPFP0026_1	E04	Miseq_023	172	HUEDQ0513_CMTR2_1
HUPFP0026_1	E09	Miseq_027	112	HUEDQ0516_CMTR2_1
HUPFP0026_1	F01	Miseq_027	110	HUEDQ0516_CMTR2_1
HUPFP0026_1	F03	Miseq_027	114	HUEDQ0516_CMTR2_1
HUPFP0026_1	G03	Miseq_030	174	HUEDQ0519_CMTR2_1
HUPFP0026_1	G04	Miseq_030	175	HUEDQ0519_CMTR2_1
HUPFP0026_1	G09	Miseq_023	173	HUEDQ0513_CMTR2_1
HUPFP0026_1	H01	Miseq_030	176	HUEDQ0519_CMTR2_1
HUPFP0026_1	H07	Miseq_027	111	HUEDQ0516_CMTR2_1
HUPFP0026_10	H03	Miseq_033	184	HUEDQ0521_AMOT_1
HUPFP0026_11	A09	Miseq_030	189	HUEDQ0519_SMAD4_1
HUPFP0026_11	A10	Miseq_027	105	HUEDQ0516_SMAD4_1
HUPFP0026_11	C12	Miseq_027	104	HUEDQ0516_SMAD4_1
HUPFP0026_11	E07	Miseq_027	103	HUEDQ0516_SMAD4_1
HUPFP0026_11	E08	Miseq_027	107	HUEDQ0516_SMAD4_1
HUPFP0026_11	G08	Miseq_028	143	HUEDQ0517_SMAD4_1
HUPFP0026_11	H03	Miseq_027	106	HUEDQ0516_SMAD4_1
HUPFP0026_6	D12	Miseq_048	175	HUEDQ0532_VHL_1
HUPFP0026_6	G01	Miseq_048	176	HUEDQ0532_VHL_1
HUPFP0026_6	G04	Miseq_048	177	HUEDQ0532_VHL_1
HUPFP0027_10	A02	Miseq_037	160	HUEDQ0524_CDKN1B_2
HUPFP0027_10	A03	Miseq_037	161	HUEDQ0524_CDKN1B_2
HUPFP0027_3	B11	Miseq_028	136	HUEDQ0517_AHR_1
HUPFP0027_6	A01	Miseq_030	181	HUEDQ0519_NOTCH1_2
HUPFP0027_6	E02	Miseq_030	179	HUEDQ0519_NOTCH1_2
HUPFP0027_6	E04	Miseq_030	180	HUEDQ0519_NOTCH1_2
HUPFP0027_6	F06	Miseq_030	182	HUEDQ0519_NOTCH1_2
HUPFP0027_7	B08	Miseq_030	184	HUEDQ0519_SACS_2
HUPFP0027_7	B10	Miseq_030	188	HUEDQ0519_SACS_2
HUPFP0027_7	B11	Miseq_030	183	HUEDQ0519_SACS_2
HUPFP0027_7	C03	Miseq_033	185	HUEDQ0521_SACS_2
HUPFP0027_7	G02	Miseq_030	186	HUEDQ0519_SACS_2
HUPFP0027_7	H06	Miseq_030	185	HUEDQ0519_SACS_2
HUPFP0028_14	A01	Miseq_028	151	HUEDQ0518_KAT6B_1
HUPFP0028_14	E03	Miseq_033	169	HUEDQ0521_KAT6B_1
HUPFP0028_14	F05	Miseq_028	152	HUEDQ0518_KAT6B_1
HUPFP0028_14	G01	Miseq_028	150	HUEDQ0518_KAT6B_1
HUPFP0028_14	H01	Miseq_033	171	HUEDQ0521_KAT6B_1
HUPFP0028_14	H03	Miseq_028	153	HUEDQ0518_KAT6B_1
HUPFP0028_14	H06	Miseq_033	170	HUEDQ0521_KAT6B_1
HUPFP0028_15	A06	Miseq_030	178	HUEDQ0519_KAT6B_2
HUPFP0028_15	B02	Miseq_030	177	HUEDQ0519_KAT6B_2
HUPFP0028_6	D04	Miseq_028	160	HUEDQ0518_TBL1XR1_2
HUPFP0028_6	D06	Miseq_028	162	HUEDQ0518_TBL1XR1_2
HUPFP0028_6	F08	Miseq_028	163	HUEDQ0518_TBL1XR1_2
HUPFP0028_6	G10	Miseq_028	161	HUEDQ0518_TBL1XR1_2
HUPFP0028_8	B06	Miseq_028	132	HUEDQ0517_KMT5B_2
HUPFP0028_8	F03	Miseq_028	133	HUEDQ0517_KMT5B_2
HUPFP0028_8	F04	Miseq_028	131	HUEDQ0517_KMT5B_2
HUPFP0028_8	F08	Miseq_033	187	HUEDQ0521_KMT5B_1
HUPFP0028_8	F09	Miseq_030	190	HUEDQ0519_KMT5B_2
HUPFP0028_8	G06	Miseq_030	191	HUEDQ0519_KMT5B_2
HUPFP0028_8	H12	Miseq_028	130	HUEDQ0517_KMT5B_2
HUPFP0028_9	A01	Miseq_028	154	HUEDQ0518_POGZ_1
HUPFP0028_9	A02	Miseq_028	156	HUEDQ0518_POGZ_1
HUPFP0028_9	A03	Miseq_028	157	HUEDQ0518_POGZ_1
HUPFP0028_9	B03	Miseq_028	155	HUEDQ0518_POGZ_1
HUPFP0028_9	B05	Miseq_028	158	HUEDQ0518_POGZ_1
HUPFP0028_9	D06	Miseq_028	159	HUEDQ0518_POGZ_1
HUPFP0029_11	E09	Miseq_048	191	HUEDQ0529_A
HUPFP0029_14_15	A01	Miseq_028	126	HUEDQ0517_KAT6A_1
HUPFP0029_14_15	A10	Miseq_028	129	HUEDQ0517_KAT6A_1
HUPFP0029_14_15	E04	Miseq_028	127	HUEDQ0517_KAT6A_1
HUPFP0029_14_15	H02	Miseq_028	128	HUEDQ0517_KAT6A_1
HUPFP0029_4	A05	Miseq_033	188	HUEDQ0521_CHD7_2
HUPFP0029_4	B08	Miseq_061	118	HUEDQ0541_CHD7_2
HUPFP0029_4	G01	Miseq_061	117	HUEDQ0541_CHD7_2
HUPFP0029_7	A07	Miseq_028	164	HUEDQ0518_CHD2_1
HUPFP0029_7	A08	Miseq_028	122	HUEDQ0517_CHD2_1
HUPFP0029_7	A09	Miseq_028	121	HUEDQ0517_CHD2_1
HUPFP0029_7	B01	Miseq_028	123	HUEDQ0517_CHD2_1
HUPFP0029_7	B03	Miseq_028	124	HUEDQ0517_CHD2_1
HUPFP0029_7	E01	Miseq_028	165	HUEDQ0518_CHD2_1
HUPFP0030_13	F06	Miseq_033	166	HUEDQ0522_CHD8_1
HUPFP0030_14	A02	Miseq_033	181	HUEDQ0521_CHD8_2
HUPFP0030_14	B02	Miseq_033	179	HUEDQ0521_CHD8_2
HUPFP0030_14	F05	Miseq_033	178	HUEDQ0521_CHD8_2
HUPFP0030_14	F06	Miseq_033	180	HUEDQ0521_CHD8_2
HUPFP0030_5	A05	Miseq_043	153	HUEDQ0529_TCF4_2
HUPFP0030_5	A07	Miseq_074	132	HUEDQ0549_TCF4_2
HUPFP0030_5	A11	Miseq_043	155	HUEDQ0529_TCF4_2
HUPFP0030_5	B12	Miseq_043	154	HUEDQ0529_TCF4_2
HUPFP0030_5	E10	Miseq_074	102	HUEDQ0549_TCF4_2
HUPFP0030_5	F05	Miseq_040	192	HUEDQ0527_TCF4_1
HUPFP0030_5	F10	Miseq_074	166	HUEDQ0550_TCF4_2
HUPFP0030_7	A01	Miseq_033	189	HUEDQ0521_SOX5_1
HUPFP0031_1	A05	Miseq_037	149	HUEDQ0524_CHD4_2
HUPFP0031_1	A06	Miseq_037	148	HUEDQ0524_CHD4_2
HUPFP0031_1	A10	Miseq_037	147	HUEDQ0524_CHD4_2
HUPFP0031_1	D05	Miseq_068	174	HUEDQ0544_CHD4_2
HUPFP0031_1	D06	Miseq_068	175	HUEDQ0544_CHD4_2
HUPFP0031_1	G02	Miseq_037	146	HUEDQ0524_CHD4_2
HUPFP0031_1	G04	Miseq_068	177	HUEDQ0544_CHD4_2
HUPFP0031_1	G05	Miseq_068	176	HUEDQ0544_CHD4_2
HUPFP0031_12	A02	Miseq_037	155	HUEDQ0524_CHD3_2
HUPFP0031_12	A04	Miseq_033	167	HUEDQ0522_CHD3_2
HUPFP0031_12	B03	Miseq_037	156	HUEDQ0524_CHD3_2
HUPFP0031_12	E01	Miseq_033	168	HUEDQ0522_CHD3_2
HUPFP0031_12	F03	Miseq_037	154	HUEDQ0524_CHD3_2
HUPFP0031_5	A02	Miseq_033	163	HUEDQ0522_MCEMP1_2
HUPFP0031_5	B10	Miseq_033	162	HUEDQ0522_MCEMP1_2
HUPFP0031_5	E01	Miseq_033	192	HUEDQ0521_MCEMP1_2
HUPFP0031_6	A07	Miseq_033	173	HUEDQ0521_IFNE_2
HUPFP0031_6	C10	Miseq_033	175	HUEDQ0521_IFNE_2
HUPFP0031_6	E06	Miseq_033	174	HUEDQ0521_IFNE_2
HUPFP0031_6	F04	Miseq_033	176	HUEDQ0521_IFNE_2
HUPFP0031_6	G07	Miseq_033	177	HUEDQ0521_IFNE_2
HUPFP0031_7	A12	Miseq_033	183	HUEDQ0521_BAP1_3
HUPFP0031_7	C02	Miseq_033	182	HUEDQ0521_BAP1_3
HUPFP0031_7	E04	Miseq_040	182	HUEDQ0527_BAP1_3
HUPFP0031_7	G04	Miseq_033	164	HUEDQ0522_BAP1_3
HUPFP0032_4	H11	Miseq_033	191	HUEDQ0521_AIM2_2
HUPFP0032_5	B03	Miseq_037	176	HUEDQ0525_CMTR2_2
HUPFP0032_5	C01	Miseq_037	175	HUEDQ0525_CMTR2_2
HUPFP0032_5	D01	Miseq_037	177	HUEDQ0525_CMTR2_2
HUPFP0032_6	A01	Miseq_039	186	HUEDQ0526KDM6A_2
HUPFP0032_6	A03	Miseq_039	184	HUEDQ0526KDM6A_2
HUPFP0032_6	A11	Miseq_039	183	HUEDQ0526KDM6A_2
HUPFP0032_6	D08	Miseq_039	185	HUEDQ0526KDM6A_2
HUPFP0032_6	H08	Miseq_048	192	HUEDQ0532_KDM6A_2
HUPFP0032_7	A01	Miseq_039	190	HUEDQ0526MGA_2
HUPFP0032_7	A03	Miseq_037	187	HUEDQ0525_MGA_2
HUPFP0032_7	C12	Miseq_039	191	HUEDQ0526MGA_2
HUPFP0032_7	H02	Miseq_037	186	HUEDQ0525_MGA_2
HUPFP0032_9	A06	Miseq_033	156	HUEDQ0522_SOX9_3
HUPFP0032_9	B07	Miseq_033	157	HUEDQ0522_SOX9_3
HUPFP0032_9	C08	Miseq_033	158	HUEDQ0522_SOX9_3
HUPFP0032_9	D10	Miseq_033	190	HUEDQ0521_SOX9_3
HUPFP0032_9	E01	Miseq_033	155	HUEDQ0522_SOX9_3
HUPFP0033_1	A05	Miseq_033	151	HUEDQ0522_RBM10_4
HUPFP0033_1	A10	Miseq_033	154	HUEDQ0522_RBM10_4
HUPFP0033_1	C02	Miseq_033	153	HUEDQ0522_RBM10_4
HUPFP0033_1	C03	Miseq_033	152	HUEDQ0522_RBM10_4
HUPFP0033_1	H07	Miseq_037	167	HUEDQ0524_RBM10_4
HUPFP0033_1	H08	Miseq_037	168	HUEDQ0524_RBM10_4
HUPFP0033_10	A07	Miseq_037	151	HUEDQ0524_ADNP_2
HUPFP0033_10	D01	Miseq_037	191	HUEDQ0525_ADNP_2
HUPFP0033_10	D11	Miseq_037	150	HUEDQ0524_ADNP_2
HUPFP0033_12	A06	Miseq_033	160	HUEDQ0522_AMER1_2
HUPFP0033_12	B01	Miseq_037	183	HUEDQ0525_AMER1_2
HUPFP0033_12	B02	Miseq_033	161	HUEDQ0522_AMER1_2
HUPFP0033_12	B03	Miseq_037	185	HUEDQ0525_AMER1_2
HUPFP0033_12	C07	Miseq_033	159	HUEDQ0522_AMER1_2
HUPFP0033_12	F02	Miseq_037	184	HUEDQ0525_AMER1_2
HUPFP0033_14	B10	Miseq_039	175	HUEDQ0526FOXG1_2
HUPFP0033_14	C06	Miseq_046	153	HUEDQ0531_FOXG1_2
HUPFP0033_14	D01	Miseq_039	178	HUEDQ0526FOXG1_2
HUPFP0033_14	E03	Miseq_046	154	HUEDQ0531_FOXG1_2
HUPFP0033_14	G01	Miseq_039	177	HUEDQ0526FOXG1_2
HUPFP0033_14	G04	Miseq_039	176	HUEDQ0526FOXG1_2
HUPFP0033_2	A01	Miseq_033	147	HUEDQ0522_RNF43_3
HUPFP0033_2	A06	Miseq_033	148	HUEDQ0522_RNF43_3
HUPFP0033_2	A11	Miseq_033	150	HUEDQ0522_RNF43_3
HUPFP0033_2	D05	Miseq_033	145	HUEDQ0522_RNF43_3
HUPFP0033_2	D06	Miseq_033	149	HUEDQ0522_RNF43_3
HUPFP0033_2	E02	Miseq_033	146	HUEDQ0522_RNF43_3
HUPFP0033_4	A05	Miseq_037	153	HUEDQ0524_WARS2_3
HUPFP0033_4	A06	Miseq_043	149	HUEDQ0529_WARS2_3
HUPFP0033_4	D05	Miseq_052	184	HUEDQ0535_7
HUPFP0033_4	F10	Miseq_037	152	HUEDQ0524_WARS2_3
HUPFP0033_4	G02	Miseq_037	192	HUEDQ0525_WARS2_3
HUPFP0033_5	B07	Miseq_037	159	HUEDQ0524_STK11_2
HUPFP0033_5	C02	Miseq_037	157	HUEDQ0524_STK11_2
HUPFP0033_5	C03	Miseq_037	158	HUEDQ0524_STK11_2
HUPFP0033_7	A01	Miseq_040	177	HUEDQ0527_AHDC1_4
HUPFP0033_7	A03	Miseq_061	119	HUEDQ0541_AHDC1_4
HUPFP0033_7	A06	Miseq_040	175	HUEDQ0527_AHDC1_4
HUPFP0033_7	A07	Miseq_061	120	HUEDQ0541_AHDC1_4
HUPFP0033_7	B03	Miseq_040	176	HUEDQ0527_AHDC1_4
HUPFP0033_7	C01	Miseq_040	174	HUEDQ0527_AHDC1_4
HUPFP0033_7	D05	Miseq_043	145	HUEDQ0529_AHDC1_4
HUPFP0033_7	F04	Miseq_040	178	HUEDQ0527_AHDC1_4
HUPFP0033_9	A02	Miseq_061	106	HUEDQ0541_MSL3_4
HUPFP0033_9	A05	Miseq_037	172	HUEDQ0525_MSL3_4
HUPFP0033_9	A06	Miseq_061	108	HUEDQ0541_MSL3_4
HUPFP0033_9	A08	Miseq_037	169	HUEDQ0525_MSL3_4
HUPFP0033_9	C02	Miseq_037	171	HUEDQ0525_MSL3_4
HUPFP0033_9	C07	Miseq_054	143	HUEDQ0537_MSL3_4
HUPFP0033_9	D05	Miseq_037	174	HUEDQ0525_MSL3_4
HUPFP0033_9	F05	Miseq_061	107	HUEDQ0541_MSL3_4
HUPFP0033_9	F09	Miseq_037	170	HUEDQ0525_MSL3_4
HUPFP0033_9	G03	Miseq_037	173	HUEDQ0525_MSL3_4
HUPFP0033_9	G04	Miseq_054	144	HUEDQ0537_MSL3_4
HUPFP0033_9	G05	Miseq_071	191	HUEDQ0548_MSL3_4
HUPFP0033_9	G06	Miseq_071	192	HUEDQ0548_MSL3_4
HUPFP0033_9	H09	Miseq_054	142	HUEDQ0537_MSL3_4
HUPFP0034_13	B06	Miseq_049	182	HUEDQ0533_TBL1XR1_2
HUPFP0034_13	E09	Miseq_049	181	HUEDQ0533_TBL1XR1_2
HUPFP0034_14	A03	Miseq_037	181	HUEDQ0525_TBX15_1
HUPFP0034_14	D03	Miseq_037	180	HUEDQ0525_TBX15_1
HUPFP0034_14	F03	Miseq_037	182	HUEDQ0525_TBX15_1
HUPFP0034_14	G02	Miseq_037	178	HUEDQ0525_TBX15_1
HUPFP0034_14	H09	Miseq_037	179	HUEDQ0525_TBX15_1
HUPFP0034_4	A03	Miseq_039	171	HUEDQ0526C5AR1_2
HUPFP0034_4	B04	Miseq_039	173	HUEDQ0526C5AR1_2
HUPFP0034_4	C02	Miseq_039	169	HUEDQ0526C5AR1_2
HUPFP0034_4	D06	Miseq_039	170	HUEDQ0526C5AR1_2
HUPFP0034_4	D11	Miseq_046	168	HUEDQ0531_C5AR1_2
HUPFP0034_4	H01	Miseq_039	172	HUEDQ0526C5AR1_2
HUPFP0034_4	H10	Miseq_039	174	HUEDQ0526C5AR1_2
HUPFP0034_5	D07	Miseq_037	163	HUEDQ0524_CASP8_1
HUPFP0034_5	G09	Miseq_037	162	HUEDQ0524_CASP8_1
HUPFP0034_6	A09	Miseq_037	190	HUEDQ0525_CHD2_1
HUPFP0034_6	B06	Miseq_037	188	HUEDQ0525_CHD2_1
HUPFP0034_6	E04	Miseq_039	188	HUEDQ0526CHD2_1
HUPFP0034_6	E07	Miseq_037	189	HUEDQ0525_CHD2_1
HUPFP0034_6	E09	Miseq_039	187	HUEDQ0526CHD2_1
HUPFP0034_6	H03	Miseq_039	189	HUEDQ0526CHD2_1
HUPFP0034_7	D07	Miseq_043	151	HUEDQ0529_CHD8_2
HUPFP0034_7	D08	Miseq_048	191	HUEDQ0532_CHD8_2
HUPFP0035_1	A01	Miseq_043	180	HUEDQ0530_CTNNB1_4
HUPFP0035_1	B09	Miseq_043	187	HUEDQ0530_CTNNB1_4
HUPFP0035_1	B12	Miseq_043	186	HUEDQ0530_CTNNB1_4
HUPFP0035_1	D08	Miseq_043	181	HUEDQ0530_CTNNB1_4
HUPFP0035_1	F06	Miseq_043	182	HUEDQ0530_CTNNB1_4
HUPFP0035_1	F11	Miseq_043	184	HUEDQ0530_CTNNB1_4
HUPFP0035_1	F12	Miseq_043	183	HUEDQ0530_CTNNB1_4
HUPFP0035_1	G11	Miseq_043	185	HUEDQ0530_CTNNB1_4
HUPFP0035_11	A01	Miseq_043	191	HUEDQ0530_SMARCA2_1
HUPFP0035_11	B06	Miseq_043	189	HUEDQ0530_SMARCA2_1
HUPFP0035_11	C09	Miseq_043	188	HUEDQ0530_SMARCA2_1
HUPFP0035_11	E12	Miseq_043	190	HUEDQ0530_SMARCA2_1
HUPFP0035_11	F01	Miseq_043	192	HUEDQ0530_SMARCA2_1
HUPFP0035_13	A05	Miseq_043	170	HUEDQ0530_SOX5_1
HUPFP0035_13	A06	Miseq_043	174	HUEDQ0530_SOX5_1
HUPFP0035_13	A10	Miseq_043	173	HUEDQ0530_SOX5_1
HUPFP0035_13	A11	Miseq_043	171	HUEDQ0530_SOX5_1
HUPFP0035_13	A12	Miseq_048	190	HUEDQ0532_SOX5_1
HUPFP0035_13	B06	Miseq_043	169	HUEDQ0530_SOX5_1
HUPFP0035_13	D06	Miseq_049	190	HUEDQ0533_SOX5_1
HUPFP0035_13	E06	Miseq_052	185	HUEDQ0535_8
HUPFP0035_13	F06	Miseq_051	144	HUEDQ0534_SOX5_1
HUPFP0035_13	G06	Miseq_043	172	HUEDQ0530_SOX5_1
HUPFP0035_4	E01	Miseq_043	146	HUEDQ0529_SATB2_1
HUPFP0035_4	F10	Miseq_043	147	HUEDQ0529_SATB2_1
HUPFP0035_7	C01	Miseq_039	180	HUEDQ0526ANKRD11_1
HUPFP0035_7	D10	Miseq_039	182	HUEDQ0526ANKRD11_1
HUPFP0035_7	G01	Miseq_039	181	HUEDQ0526ANKRD11_1
HUPFP0035_7	G02	Miseq_039	179	HUEDQ0526ANKRD11_1
HUPFP0036_1	A01	Miseq_040	170	HUEDQ0527_PHF8_2
HUPFP0036_1	C04	Miseq_040	169	HUEDQ0527_PHF8_2
HUPFP0036_2	D02	Miseq_040	184	HUEDQ0527_NSD1_1
HUPFP0036_2	D07	Miseq_040	183	HUEDQ0527_NSD1_1
HUPFP0036_3	A05	Miseq_043	176	HUEDQ0530_TCF20_1
HUPFP0036_3	A09	Miseq_043	177	HUEDQ0530_TCF20_1
HUPFP0036_3	B03	Miseq_043	175	HUEDQ0530_TCF20_1
HUPFP0036_3	B10	Miseq_043	178	HUEDQ0530_TCF20_1
HUPFP0036_3	D07	Miseq_043	179	HUEDQ0530_TCF20_1
HUPFP0036_4	A09	Miseq_040	180	HUEDQ0527_IFNB1_1
HUPFP0036_4	B05	Miseq_040	179	HUEDQ0527_IFNB1_1
HUPFP0036_5	A09	Miseq_039	192	HUEDQ0526NEK7_1
HUPFP0037_11	B05	Miseq_049	186	HUEDQ0533_INPP5D_2
HUPFP0037_11	C12	Miseq_049	183	HUEDQ0533_INPP5D_2
HUPFP0037_11	D08	Miseq_049	184	HUEDQ0533_INPP5D_2
HUPFP0037_11	D11	Miseq_052	181	HUEDQ0535_4
HUPFP0037_11	F07	Miseq_052	180	HUEDQ0535_4
HUPFP0037_11	H04	Miseq_049	185	HUEDQ0533_INPP5D_2
HUPFP0037_13	A02	Miseq_051	128	HUEDQ0534_LRRK2_2
HUPFP0037_13	A06	Miseq_051	130	HUEDQ0534_LRRK2_2
HUPFP0037_13	A08	Miseq_051	131	HUEDQ0534_LRRK2_2
HUPFP0037_13	A09	Miseq_051	132	HUEDQ0534_LRRK2_2
HUPFP0037_13	A12	Miseq_051	129	HUEDQ0534_LRRK2_2
HUPFP0037_13	B11	Miseq_052	182	HUEDQ0535_5
HUPFP0037_4	A01	Miseq_040	186	HUEDQ0527_SNCA_1
HUPFP0037_4	A02	Miseq_040	185	HUEDQ0527_SNCA_1
HUPFP0037_4	A04	Miseq_040	191	HUEDQ0527_SNCA_1
HUPFP0037_4	A08	Miseq_040	187	HUEDQ0527_SNCA_1
HUPFP0037_4	B04	Miseq_040	190	HUEDQ0527_SNCA_1
HUPFP0037_4	B07	Miseq_040	189	HUEDQ0527_SNCA_1
HUPFP0037_4	B09	Miseq_040	188	HUEDQ0527_SNCA_1
HUPFP0037_4	C04	Miseq_043	148	HUEDQ0529_SNCA_1
HUPFP0037_6	B03	Miseq_043	152	HUEDQ0529_POGZ_1
HUPFP0037_6	C04	Miseq_040	171	HUEDQ0527_POGZ_1
HUPFP0037_6	C11	Miseq_048	189	HUEDQ0532_POGZ_1
HUPFP0037_6	D10	Miseq_040	172	HUEDQ0527_POGZ_1
HUPFP0037_7	D03	Miseq_043	159	HUEDQ0529_CD33_1
HUPFP0037_7	E07	Miseq_068	190	HUEDQ0544_CD33_1
HUPFP0037_7	F01	Miseq_043	161	HUEDQ0529_CD33_1
HUPFP0037_7	F12	Miseq_043	157	HUEDQ0529_CD33_1
HUPFP0037_7	G03	Miseq_046	166	HUEDQ0531_CD33_1
HUPFP0037_7	G06	Miseq_043	156	HUEDQ0529_CD33_1
HUPFP0037_7	H06	Miseq_043	158	HUEDQ0529_CD33_1
HUPFP0037_7	H07	Miseq_043	160	HUEDQ0529_CD33_1
HUPFP0037_7	H10	Miseq_046	167	HUEDQ0531_CD33_1
HUPFP0038_1	A04	Miseq_046	162	HUEDQ0531_BIN1_1
HUPFP0038_1	C01	Miseq_046	165	HUEDQ0531_BIN1_1
HUPFP0038_1	C02	Miseq_046	163	HUEDQ0531_BIN1_1
HUPFP0038_1	C04	Miseq_046	161	HUEDQ0531_BIN1_1
HUPFP0038_1	D04	Miseq_046	164	HUEDQ0531_BIN1_1
HUPFP0038_3	A01	Miseq_051	127	HUEDQ0534_CD2AP_1
HUPFP0038_3	A04	Miseq_051	124	HUEDQ0534_CD2AP_1
HUPFP0038_3	A11	Miseq_051	123	HUEDQ0534_CD2AP_1
HUPFP0038_3	B05	Miseq_052	183	HUEDQ0535_6
HUPFP0038_3	B07	Miseq_051	122	HUEDQ0534_CD2AP_1
HUPFP0038_3	D05	Miseq_051	125	HUEDQ0534_CD2AP_1
HUPFP0038_3	G08	Miseq_051	126	HUEDQ0534_CD2AP_1
HUPFP0038_3	H01	Miseq_051	121	HUEDQ0534_CD2AP_1
HUPFP0038_5	B03	Miseq_049	172	HUEDQ0533_PTEN_4
HUPFP0038_5	B05	Miseq_049	173	HUEDQ0533_PTEN_4
HUPFP0038_5	B08	Miseq_049	171	HUEDQ0533_PTEN_4
HUPFP0038_5	B11	Miseq_049	169	HUEDQ0533_PTEN_4
HUPFP0038_5	C02	Miseq_049	175	HUEDQ0533_PTEN_4
HUPFP0038_5	D11	Miseq_061	128	HUEDQ0541_PTEN_4
HUPFP0038_5	E04	Miseq_049	174	HUEDQ0533_PTEN_4
HUPFP0038_5	F12	Miseq_061	105	HUEDQ0541_PTEN_4
HUPFP0038_5	H11	Miseq_049	170	HUEDQ0533_PTEN_4
HUPFP0038_7	E05	Miseq_049	187	HUEDQ0533_PTGER2_2
HUPFP0038_7	E08	Miseq_048	185	HUEDQ0532_PTGER2_2
HUPFP0038_7	F03	Miseq_049	189	HUEDQ0533_PTGER2_2
HUPFP0038_7	F08	Miseq_049	188	HUEDQ0533_PTGER2_2
HUPFP0038_7	H06	Miseq_048	186	HUEDQ0532_PTGER2_2
HUPFP0038_8	A10	Miseq_048	183	HUEDQ0532_NF2_2
HUPFP0038_8	B12	Miseq_071	190	HUEDQ0548_NF2_2
HUPFP0038_8	H02	Miseq_071	189	HUEDQ0548_NF2_2
HUPFP0038_8	H05	Miseq_048	184	HUEDQ0532_NF2_2
HUPFP0038_8	H07	Miseq_048	182	HUEDQ0532_NF2_2
HUPFP0038_9	B04	Miseq_054	123	HUEDQ0537_SET_1
HUPFP0038_9	C04	Miseq_074	133	HUEDQ0549_SET_1
HUPFP0038_9	E02	Miseq_054	121	HUEDQ0537_SET_1
HUPFP0038_9	F01	Miseq_054	122	HUEDQ0537_SET_1
HUPFP0042_1	A01	Miseq_054	130	HUEDQ0537_HMGCR_1
HUPFP0042_1	G04	Miseq_054	129	HUEDQ0537_HMGCR_1
HUPFP0042_10	A01	Miseq_074	122	HUEDQ0549_LSP1_1
HUPFP0042_10	B02	Miseq_074	121	HUEDQ0549_LSP1_1
HUPFP0042_10	E07	Miseq_074	123	HUEDQ0549_LSP1_1
HUPFP0042_2A	C09	Miseq_068	181	HUEDQ0544_CALHM6_1
HUPFP0042_2A	E09	Miseq_068	182	HUEDQ0544_CALHM6_1
HUPFP0042_2B	A06	Miseq_054	141	HUEDQ0537_CALHM6_1
HUPFP0042_2B	D03	Miseq_054	140	HUEDQ0537_CALHM6_1
HUPFP0042_2B	G10	Miseq_054	139	HUEDQ0537_CALHM6_1
HUPFP0042_4	C12	Miseq_054	125	HUEDQ0537_CMTR2_2
HUPFP0042_4	F01	Miseq_054	124	HUEDQ0537_CMTR2_2
HUPFP0042_4	H01	Miseq_054	126	HUEDQ0537_CMTR2_2
HUPFP0042_6	A05	Miseq_048	172	HUEDQ0532_ZBTB18_2
HUPFP0042_6	B09	Miseq_048	171	HUEDQ0532_ZBTB18_2
HUPFP0042_6	D02	Miseq_048	170	HUEDQ0532_ZBTB18_2
HUPFP0042_6	D11	Miseq_048	169	HUEDQ0532_ZBTB18_2
HUPFP0042_6	F01	Miseq_048	174	HUEDQ0532_ZBTB18_2
HUPFP0042_6	F05	Miseq_048	173	HUEDQ0532_ZBTB18_2
HUPFP0042_7	A02	MISEQ_065	101	HUEDQ0543_KMT2E_1
HUPFP0042_7	A03	MISEQ_065	99	HUEDQ0543_KMT2E_1
HUPFP0042_7	B07	MISEQ_065	102	HUEDQ0543_KMT2E_1
HUPFP0042_7	B11	MISEQ_065	97	HUEDQ0543_KMT2E_1
HUPFP0042_7	D04	MISEQ_065	100	HUEDQ0543_KMT2E_1
HUPFP0042_7	G05	MISEQ_065	98	HUEDQ0543_KMT2E_1
HUPFP0044_1	A08	Miseq_051	134	HUEDQ0534_FADS3_1
HUPFP0044_1	A09	Miseq_051	133	HUEDQ0534_FADS3_1
HUPFP0044_1	B02	Miseq_051	136	HUEDQ0534_FADS3_1
HUPFP0044_1	B03	Miseq_052	179	HUEDQ0535_3
HUPFP0044_1	C03	Miseq_051	137	HUEDQ0534_FADS3_1
HUPFP0044_1	E01	Miseq_051	139	HUEDQ0534_FADS3_1
HUPFP0044_1	F06	Miseq_052	178	HUEDQ0535_3
HUPFP0044_1	G02	Miseq_051	138	HUEDQ0534_FADS3_1
HUPFP0044_1	G12	Miseq_051	135	HUEDQ0534_FADS3_1
HUPFP0044_11	C06	Miseq_069	192	HUEDQ0545_VCL_2
HUPFP0044_11	F01	Miseq_054	128	HUEDQ0537_VCL_2
HUPFP0044_11	F08	Miseq_054	127	HUEDQ0537_VCL_2
HUPFP0044_11	H08	Miseq_069	191	HUEDQ0545_VCL_2
HUPFP0044_9	A03	Miseq_061	124	HUEDQ0541_PYCARD1_2
HUPFP0044_9	B02	Miseq_061	122	HUEDQ0541_PYCARD1_2
HUPFP0044_9	C06	Miseq_061	123	HUEDQ0541_PYCARD1_2
HUPFP0044_9	G01	Miseq_061	121	HUEDQ0541_PYCARD1_2
HUPFP0045_12	A01	Miseq_051	140	HUEDQ0534_PLA2G6_2
HUPFP0045_12	A03	Miseq_051	142	HUEDQ0534_PLA2G6_2
HUPFP0045_12	E02	Miseq_054	134	HUEDQ0537_PLA2G6_2
HUPFP0045_12	F02	Miseq_051	141	HUEDQ0534_PLA2G6_2
HUPFP0045_12	G01	Miseq_054	135	HUEDQ0537_PLA2G6_2
HUPFP0045_5	B04	Miseq_068	189	HUEDQ0544_BCAT1_1
HUPFP0045_7	A02	Miseq_061	111	HUEDQ0541_ARF6_2
HUPFP0045_7	A05	Miseq_061	112	HUEDQ0541_ARF6_2
HUPFP0045_7	A11	Miseq_061	113	HUEDQ0541_ARF6_2
HUPFP0045_7	H11	Miseq_061	114	HUEDQ0541_ARF6_2
HUPFP0046A11	B04	Miseq_074	106	HUEDQ0549_PICK1_1
HUPFP0046A11	B10	Miseq_068	187	HUEDQ0544_PICK1_1
HUPFP0046A11	H12	Miseq_068	188	HUEDQ0544_PICK1_1
HUPFP0046_15	A08	Miseq_061	125	HUEDQ0541_RAB32_3
HUPFP0046_15	D06	Miseq_061	127	HUEDQ0541_RAB32_3
HUPFP0046_15	G07	Miseq_061	126	HUEDQ0541_RAB32_3
HUPFP0047_4	D04	Miseq_068	184	HUEDQ0544_ACO1_2
HUPFP0047_4	F12	Miseq_069	111	HUEDQ0546_ACO1_2
HUPFP0047_4	G06	Miseq_068	183	HUEDQ0544_ACO1_2
HUPFP0047_8	B04	Miseq_061	115	HUEDQ0541_KMT2C_2
HUPFP0047_8	B05	Miseq_061	116	HUEDQ0541_KMT2C_2
HUPFP0047_8	C07	Miseq_074	124	HUEDQ0549_KMT2C_2
HUPFP0047_8	H07	Miseq_074	125	HUEDQ0549_KMT2C_2
HUPFP0047_9	C10	Miseq_054	133	HUEDQ0537_NEU3_2
HUPFP0047_9	D02	Miseq_054	132	HUEDQ0537_NEU3_2
HUPFP0047_9	G09	Miseq_054	131	HUEDQ0537_NEU3_2
HUPFP0048_10	A02	Miseq_054	173	HUEDQ0535_B_LYST_2
HUPFP0048_10	A06	Miseq_054	169	HUEDQ0535_B_LYST_2
HUPFP0048_10	B03	Miseq_054	170	HUEDQ0535_B_LYST_2
HUPFP0048_10	B05	Miseq_054	171	HUEDQ0535_B_LYST_2
HUPFP0048_10	E05	Miseq_054	174	HUEDQ0535_B_LYST_2
HUPFP0048_10	H02	Miseq_054	172	HUEDQ0535_B_LYST_2
HUPFP0048_14	A03	Miseq_052	177	HUEDQ0535_2
HUPFP0048_14	B02	Miseq_054	138	HUEDQ0537_PLCB3_2
HUPFP0048_14	C05	Miseq_052	175	HUEDQ0535_2
HUPFP0048_14	D01	Miseq_052	176	HUEDQ0535_2
HUPFP0048_14	D04	Miseq_054	137	HUEDQ0537_PLCB3_2
HUPFP0048_14	G11	Miseq_054	136	HUEDQ0537_PLCB3_2
HUPFP0048_16	F02	Miseq_074	131	HUEDQ0549_SSPN_2
HUPFP0048_4A	A02	MISEQ_065	113	HUEDQ0543_FAR2_1
HUPFP0048_4A	A10	Miseq_068	180	HUEDQ0544_FAR2_1
HUPFP0048_4A	G01	Miseq_068	179	HUEDQ0544_FAR2_1
HUPFP0048_4A	H12	Miseq_068	178	HUEDQ0544_FAR2_1
HUPFP0050A5	D01	Miseq_074	144	HUEDQ0549_SQLE_2
HUPFP0050A8	A03	Miseq_068	173	HUEDQ0544_GNPAT_2
HUPFP0050A8	A11	Miseq_068	172	HUEDQ0544_GNPAT_2
HUPFP0050A8	B07	Miseq_068	170	HUEDQ0544_GNPAT_2
HUPFP0050A8	B11	Miseq_068	169	HUEDQ0544_GNPAT_2
HUPFP0050A8	D05	Miseq_068	171	HUEDQ0544_GNPAT_2
HUPFP0051A2	A11	Miseq_069	183	HUEDQ0545_EZH2_2
HUPFP0051A2	B03	Miseq_069	182	HUEDQ0545_EZH2_2
HUPFP0051A2	B05	Miseq_069	181	HUEDQ0545_EZH2_2
HUPFP0051A2	E11	Miseq_069	184	HUEDQ0545_EZH2_2
HUPFP0051A2	G11	Miseq_069	185	HUEDQ0545_EZH2_2
HUPFP0051A2	H06	Miseq_069	112	HUEDQ0546_EZH2_2
HUPFP0051_6	B03	Miseq_069	100	HUEDQ0546_EED_2
HUPFP0051_6	B05	Miseq_069	101	HUEDQ0546_EED_2
HUPFP0051_6	D05	Miseq_069	102	HUEDQ0546_EED_2
HUPFP0051_6	F04	Miseq_069	103	HUEDQ0546_EED_2
HUPFP0051_7	C02	Miseq_074	169	HUEDQ0550_SARM1_2
HUPFP0051_7	G06	Miseq_074	170	HUEDQ0550_SARM1_2
HUPFP0052A4	A11	Miseq_076	137	HUEDQ0552_PGAP3_3
HUPFP0052A4	F01	Miseq_074	110	HUEDQ0549_PGAP3_3
HUPFP0052A4	H06	Miseq_074	111	HUEDQ0549_PGAP3_3
HUPFP0052A6	A01	MISEQ_065	110	HUEDQ0543_HDAC8_1
HUPFP0052A6	B03	MISEQ_065	112	HUEDQ0543_HDAC8_1
HUPFP0052A6	E06	MISEQ_065	111	HUEDQ0543_HDAC8_1
HUPFP0052_1	A04	MISEQ_065	109	HUEDQ0543_EVI5_2
HUPFP0052_1	B04	MISEQ_065	108	HUEDQ0543_EVI5_2
HUPFP0052_1	F06	MISEQ_065	107	HUEDQ0543_EVI5_2
HUPFP0052_3	B11	MISEQ_065	104	HUEDQ0543_CYB561_2
HUPFP0052_3	C06	MISEQ_065	103	HUEDQ0543_CYB561_2
HUPFP0052_3	C08	MISEQ_065	105	HUEDQ0543_CYB561_2
HUPFP0052_3	D11	Miseq_068	185	HUEDQ0544_CYB561_2
HUPFP0052_3	E09	Miseq_074	167	HUEDQ0550_CYB561_2
HUPFP0052_3	F02	MISEQ_065	106	HUEDQ0543_CYB561_2
HUPFP0052_3	G09	Miseq_083	103	HUEDQ0554_CYB561_2
HUPFP0052_3	G10	Miseq_074	168	HUEDQ0550_CYB561_2
HUPFP0052_3	H04	Miseq_068	186	HUEDQ0544_CYB561_2
HUPFP0052_3	H07	Miseq_085	189	HUEDQ0555
HUPFP0052_8	H12	Miseq_086	365	HUEDQ0556_SETD2_3
HUPFP0057A2	A12	Miseq_069	171	HUEDQ0545_LGR4_2
HUPFP0057A2	C06	Miseq_069	173	HUEDQ0545_LGR4_2
HUPFP0057A2	C10	Miseq_069	170	HUEDQ0545_LGR4_2
HUPFP0057A2	C12	Miseq_069	169	HUEDQ0545_LGR4_2
HUPFP0057A2	F02	Miseq_069	172	HUEDQ0545_LGR4_2
HUPFP0057A2	H08	Miseq_069	174	HUEDQ0545_LGR4_2
HUPFP0057A3	D12	Miseq_070	113	HUEDQ0546_A
HUPFP0057A3	E01	Miseq_074	129	HUEDQ0549_LGR6_1
HUPFP0059A1	A02	Miseq_071	181	HUEDQ0548_CDH1_1
HUPFP0059A1	A11	Miseq_071	180	HUEDQ0548_CDH1_1
HUPFP0059A1	B02	Miseq_071	182	HUEDQ0548_CDH1_1
HUPFP0059A1	G02	Miseq_071	179	HUEDQ0548_CDH1_1
HUPFP0060A12	E03	Miseq_074	128	HUEDQ0549_ZEB2_1
HUPFP0060A6	A09	Miseq_069	175	HUEDQ0545_HDAC4_2
HUPFP0060A6	B02	Miseq_069	178	HUEDQ0545_HDAC4_2
HUPFP0060A6	B10	Miseq_069	177	HUEDQ0545_HDAC4_2
HUPFP0060A6	D04	Miseq_069	180	HUEDQ0545_HDAC4_2
HUPFP0060A6	F02	Miseq_069	179	HUEDQ0545_HDAC4_2
HUPFP0060A6	G12	Miseq_069	176	HUEDQ0545_HDAC4_2
HUPFP0061A1	A06	Miseq_074	174	HUEDQ0550_ASXL1_2
HUPFP0061A1	B06	Miseq_074	175	HUEDQ0550_ASXL1_2
HUPFP0061A3	A03	Miseq_071	169	HUEDQ0548_CREBBP_3
HUPFP0061A3	A06	Miseq_071	173	HUEDQ0548_CREBBP_3
HUPFP0061A3	E07	Miseq_071	174	HUEDQ0548_CREBBP_3
HUPFP0061A3	G01	Miseq_071	170	HUEDQ0548_CREBBP_3
HUPFP0061A3	H08	Miseq_071	171	HUEDQ0548_CREBBP_3
HUPFP0061A3	H11	Miseq_071	172	HUEDQ0548_CREBBP_3
HUPFP0062A1	A02	Miseq_069	108	HUEDQ0546_ARID2_2
HUPFP0062A1	A03	Miseq_069	107	HUEDQ0546_ARID2_2
HUPFP0062A1	B06	Miseq_069	106	HUEDQ0546_ARID2_2
HUPFP0062A1	H12	Miseq_069	105	HUEDQ0546_ARID2_2
HUPFP0062A3	A04	Miseq_069	188	HUEDQ0545_DNMT3A_1
HUPFP0062A3	B06	Miseq_069	187	HUEDQ0545_DNMT3A_1
HUPFP0062A3	C09	Miseq_069	190	HUEDQ0545_DNMT3A_1
HUPFP0062A3	C10	Miseq_069	189	HUEDQ0545_DNMT3A_1
HUPFP0062A3	F10	Miseq_069	104	HUEDQ0546_DNMT3A_1
HUPFP0062A3	G07	Miseq_069	186	HUEDQ0545_DNMT3A_1
HUPFP0063A5	A01	Miseq_071	177	HUEDQ0548_KDM5C_3
HUPFP0063A5	D09	Miseq_071	176	HUEDQ0548_KDM5C_3
HUPFP0063A5	E03	Miseq_071	178	HUEDQ0548_KDM5C_3
HUPFP0063A5	F05	Miseq_071	175	HUEDQ0548_KDM5C_3
HUPFP0065A5	B06	Miseq_074	127	HUEDQ0549_BRPF1_2
HUPFP0065A5	C04	Miseq_074	126	HUEDQ0549_BRPF1_2
HUPFP0065A8	B03	Miseq_071	187	HUEDQ0548_AUTS2_1
HUPFP0065A8	C06	Miseq_071	183	HUEDQ0548_AUTS2_1
HUPFP0065A8	C08	Miseq_071	188	HUEDQ0548_AUTS2_1
HUPFP0065A8	D10	Miseq_071	184	HUEDQ0548_AUTS2_1
HUPFP0065A8	F09	Miseq_071	185	HUEDQ0548_AUTS2_1
HUPFP0065A8	H05	Miseq_071	186	HUEDQ0548_AUTS2_1
HUPFP0065A8	H09	Miseq_074	176	HUEDQ0550_AUTS2_1
HUPFP0066A2	A03	Miseq_076	122	HUEDQ0552_MBD5_2
HUPFP0066A2	B05	Miseq_076	125	HUEDQ0552_MBD5_2
HUPFP0066A2	B07	Miseq_076	126	HUEDQ0552_MBD5_2
HUPFP0066A2	C12	Miseq_076	121	HUEDQ0552_MBD5_2
HUPFP0066A2	E11	Miseq_076	124	HUEDQ0552_MBD5_2
HUPFP0066A2	F02	Miseq_076	123	HUEDQ0552_MBD5_2
HUPFP0066A3	A03	Miseq_076	134	HUEDQ0552_WAC_1
HUPFP0066A3	B01	Miseq_076	133	HUEDQ0552_WAC_1
HUPFP0066A3	B05	Miseq_076	135	HUEDQ0552_WAC_1
HUPFP0066A3	C04	Miseq_076	136	HUEDQ0552_WAC_1
HUPFP0066A6	A02	Miseq_076	104	HUEDQ0549_Z_SETBP1_2
HUPFP0066A6	B04	Miseq_076	106	HUEDQ0550_Z_SETBP1_2
HUPFP0066A6	B11	Miseq_076	107	HUEDQ0550_Z_SETBP1_2
HUPFP0066A6	E03	Miseq_076	103	HUEDQ0549_Z_SETBP1_2
HUPFP0066A6	F01	Miseq_076	108	HUEDQ0550_Z_SETBP1_2
HUPFP0066A6	G06	Miseq_076	105	HUEDQ0549_Z_SETBP1_2
HUPFP0066A8	A01	Miseq_082	179	HUEDQ0549_SPEN_2
HUPFP0066A8	A03	Miseq_076	99	HUEDQ0549_Z_SPEN_2
HUPFP0066A8	A08	Miseq_076	100	HUEDQ0549_Z_SPEN_2
HUPFP0066A8	B02	Miseq_076	98	HUEDQ0549_Z_SPEN_2
HUPFP0066A8	D09	Miseq_076	102	HUEDQ0549_Z_SPEN_2
HUPFP0066A8	G08	Miseq_076	109	HUEDQ0549_Z_SPEN_2
HUPFP0066A9	B01	Miseq_076	127	HUEDQ0552_SRCAP_1
HUPFP0066A9	B03	Miseq_076	128	HUEDQ0552_SRCAP_1
HUPFP0066A9	B04	Miseq_076	131	HUEDQ0552_SRCAP_1
HUPFP0066A9	C02	Miseq_076	130	HUEDQ0552_SRCAP_1
HUPFP0066A9	C04	Miseq_076	132	HUEDQ0552_SRCAP_1
HUPFP0066A9	G02	Miseq_076	129	HUEDQ0552_SRCAP_1
HUPFP0067A1	A03	Miseq_111	345	HUEDQ0582_PHF8
HUPFP0067A1	A09	Miseq_111	340	HUEDQ0582_PHF8
HUPFP0067A1	B07	Miseq_111	346	HUEDQ0582_PHF8
HUPFP0067A1	B08	Miseq_111	347	HUEDQ0582_PHF8
HUPFP0067A1	C02	Miseq_121	335	HUEDQ0604_PHF8
HUPFP0067A1	C04	Miseq_111	341	HUEDQ0582_PHF8
HUPFP0067A1	D11	Miseq_111	342	HUEDQ0582_PHF8
HUPFP0067A1	E02	Miseq_111	343	HUEDQ0582_PHF8
HUPFP0067A1	E09	Miseq_111	348	HUEDQ0582_PHF8
HUPFP0067A1	G03	Miseq_121	351	HUEDQ0604_PHF8
HUPFP0067A1	G04	Miseq_111	349	HUEDQ0582_PHF8
HUPFP0067A1	G07	Miseq_121	343	HUEDQ0604_PHF8
HUPFP0067A1	H01	Miseq_111	344	HUEDQ0582_PHF8
HUPFP0067A2	A05	Miseq_092	159	HUEDQ0558_CREBBP
HUPFP0067A2	A07	Miseq_093	156	HUEDQ0559_CREBBP_3
HUPFP0067A2	A09	Miseq_092	160	HUEDQ0558_CREBBP
HUPFP0067A2	A12	Miseq_092	161	HUEDQ0558_CREBBP
HUPFP0067A2	B02	Miseq_092	162	HUEDQ0558_CREBBP
HUPFP0067A2	B07	Miseq_093	157	HUEDQ0559_CREBBP_3
HUPFP0067A2	B11	Miseq_092	163	HUEDQ0558_CREBBP
HUPFP0067A2	C07	Miseq_093	158	HUEDQ0559_CREBBP_3
HUPFP0067A2	D04	Miseq_092	164	HUEDQ0558_CREBBP
HUPFP0067A2	D07	Miseq_093	159	HUEDQ0559_CREBBP_3
HUPFP0067A2	G11	Miseq_092	165	HUEDQ0558_CREBBP
HUPFP0067A2	H01	Miseq_092	166	HUEDQ0558_CREBBP
HUPFP0067A3	A05	Miseq_094	151	HUEDQ0560_TCF20_3_ref
HUPFP0067A3	A11	Miseq_094	152	HUEDQ0560_TCF20_3_ref
HUPFP0067A3	B01	Miseq_094	145	HUEDQ0560_TCF20_3_ref
HUPFP0067A3	B03	Miseq_094	153	HUEDQ0560_TCF20_3_ref
HUPFP0067A3	B05	Miseq_094	154	HUEDQ0560_TCF20_3_ref
HUPFP0067A3	B06	Miseq_094	146	HUEDQ0560_TCF20_3_ref
HUPFP0067A3	B10	Miseq_094	147	HUEDQ0560_TCF20_3_ref
HUPFP0067A3	B12	Miseq_094	148	HUEDQ0560_TCF20_3_ref
HUPFP0067A3	C01	Miseq_094	149	HUEDQ0560_TCF20_3_ref
HUPFP0067A3	C02	Miseq_094	150	HUEDQ0560_TCF20_3_ref
HUPFP0067A3	C03	Miseq_097	146	HUEDQ0561_TCF20_3_ref
HUPFP0067A5	A03	Miseq_094	157	HUEDQ0560_ZBTB18_2
HUPFP0067A5	A04	Miseq_094	158	HUEDQ0560_ZBTB18_2
HUPFP0067A5	A06	Miseq_097	169	HUEDQ0561_ZBTB18_2
HUPFP0067A5	A11	Miseq_094	159	HUEDQ0560_ZBTB18_2
HUPFP0067A6	A10	Miseq_093	161	HUEDQ0559_CTCF_1
HUPFP0067A6	B10	Miseq_093	162	HUEDQ0559_CTCF_1
HUPFP0067A6	C10	Miseq_093	163	HUEDQ0559_CTCF_1
HUPFP0067A6	D03	Miseq_092	145	HUEDQ0558_CTCF
HUPFP0067A6	D10	Miseq_093	164	HUEDQ0559_CTCF_1
HUPFP0067A6	E08	Miseq_094	160	HUEDQ0560_CTCF_1
HUPFP0067A6	E10	Miseq_093	165	HUEDQ0559_CTCF_1
HUPFP0067A6	H09	Miseq_093	160	HUEDQ0559_CTCF_1
HUPFP0067A7	A01	Miseq_092	153	HUEDQ0558_KMT5B
HUPFP0067A7	A02	Miseq_121	311	HUEDQ0604_KMT5B
HUPFP0067A7	A04	Miseq_092	154	HUEDQ0558_KMT5B
HUPFP0067A7	A07	Miseq_093	145	HUEDQ0559_KMT5B_2
HUPFP0067A7	B07	Miseq_121	303	HUEDQ0604_KMT5B
HUPFP0067A7	C03	Miseq_092	155	HUEDQ0558_KMT5B
HUPFP0067A7	C07	Miseq_093	147	HUEDQ0559_KMT5B_2
HUPFP0067A7	D07	Miseq_093	148	HUEDQ0559_KMT5B_2
HUPFP0067A7	E07	Miseq_093	149	HUEDQ0559_KMT5B_2
HUPFP0067A7	F01	Miseq_092	156	HUEDQ0558_KMT5B
HUPFP0067A7	F03	Miseq_121	319	HUEDQ0604_KMT5B
HUPFP0067A7	F07	Miseq_093	150	HUEDQ0559_KMT5B_2
HUPFP0067A7	F09	Miseq_092	157	HUEDQ0558_KMT5B
HUPFP0067A7	H04	Miseq_092	158	HUEDQ0558_KMT5B
HUPFP0067A9	A07	Miseq_093	151	HUEDQ0559_TBL1XR1_2
HUPFP0067A9	B07	Miseq_093	152	HUEDQ0559_TBL1XR1_2
HUPFP0067A9	C05	Miseq_092	149	HUEDQ0558_TBL1XR1
HUPFP0067A9	C07	Miseq_093	153	HUEDQ0559_TBL1XR1_2
HUPFP0067A9	C10	Miseq_092	146	HUEDQ0558_TBL1XR1
HUPFP0067A9	D07	Miseq_093	154	HUEDQ0559_TBL1XR1_2
HUPFP0067A9	D09	Miseq_092	150	HUEDQ0558_TBL1XR1
HUPFP0067A9	E01	Miseq_092	151	HUEDQ0558_TBL1XR1
HUPFP0067A9	E07	Miseq_093	155	HUEDQ0559_TBL1XR1_2
HUPFP0067A9	F08	Miseq_094	165	HUEDQ0560_TBL1XR1_2
HUPFP0067A9	G12	Miseq_092	147	HUEDQ0558_TBL1XR1
HUPFP0067A9	H02	Miseq_092	148	HUEDQ0558_TBL1XR1
HUPFP0067A9	H03	Miseq_092	152	HUEDQ0558_TBL1XR1
HUPFP0067A9	H07	Miseq_094	155	HUEDQ0560_TBL1XR1_2
HUPFP0067A9	H09	Miseq_094	156	HUEDQ0560_TBL1XR1_2
HUPFP0067B6	B04	Miseq_094	161	HUEDQ0560_CTCF_1
HUPFP0067B6	D03	Miseq_094	162	HUEDQ0560_CTCF_1
HUPFP0067B6	D12	Miseq_094	163	HUEDQ0560_CTCF_1
HUPFP0067B6	E01	Miseq_094	164	HUEDQ0560_CTCF_1
HUPFP0068A2	A01	Miseq_099	1	HUEDQ0562_KMT2A_1
HUPFP0068A2	A02	Miseq_099	2	HUEDQ0562_KMT2A_1
HUPFP0068A2	A03	Miseq_099	3	HUEDQ0562_KMT2A_1
HUPFP0068A2	A04	Miseq_099	4	HUEDQ0562_KMT2A_1
HUPFP0068A2	A05	Miseq_099	5	HUEDQ0562_KMT2A_1
HUPFP0068A2	A06	Miseq_099	6	HUEDQ0562_KMT2A_1
HUPFP0068A2	C06	Miseq_099	7	HUEDQ0562_KMT2A_1
HUPFP0068A2	C08	Miseq_099	8	HUEDQ0562_KMT2A_1
HUPFP0068A2	F03	Miseq_099	9	HUEDQ0562_KMT2A_1
HUPFP0068A2	F08	Miseq_099	10	HUEDQ0562_KMT2A_1
HUPFP0068A2	G05	Miseq_099	11	HUEDQ0562_KMT2A_1
HUPFP0068A2	H04	Miseq_099	12	HUEDQ0562_KMT2A_1
HUPFP0068A3	A01	Miseq_097	157	HUEDQ0561_KDM5B_3
HUPFP0068A3	A02	Miseq_097	158	HUEDQ0561_KDM5B_3
HUPFP0068A3	A08	Miseq_097	163	HUEDQ0561_KDM5B_3
HUPFP0068A3	C02	Miseq_097	159	HUEDQ0561_KDM5B_3
HUPFP0068A3	D01	Miseq_097	160	HUEDQ0561_KDM5B_3
HUPFP0068A3	D02	Miseq_097	161	HUEDQ0561_KDM5B_3
HUPFP0068A3	D03	Miseq_108	217	HUEDQ0577_KDM5B
HUPFP0068A3	D04	Miseq_108	218	HUEDQ0577_KDM5B
HUPFP0068A3	D06	Miseq_108	219	HUEDQ0577_KDM5B
HUPFP0068A3	E03	Miseq_097	164	HUEDQ0561_KDM5B_3
HUPFP0068A3	E09	Miseq_097	165	HUEDQ0561_KDM5B_3
HUPFP0068A3	E12	Miseq_097	166	HUEDQ0561_KDM5B_3
HUPFP0068A3	F01	Miseq_097	167	HUEDQ0561_KDM5B_3
HUPFP0068A3	G04	Miseq_097	168	HUEDQ0561_KDM5B_3
HUPFP0068A3	G12	Miseq_108	220	HUEDQ0577_KDM5B
HUPFP0068A3	H01	Miseq_097	162	HUEDQ0561_KDM5B_3
HUPFP0068A3	H06	Miseq_108	221	HUEDQ0577_KDM5B
HUPFP0068A6	A01	Miseq_097	152	HUEDQ0561_SETD1A_1
HUPFP0068A6	A02	Miseq_097	153	HUEDQ0561_SETD1A_1
HUPFP0068A6	A08	Miseq_097	154	HUEDQ0561_SETD1A_1
HUPFP0068A6	A11	Miseq_097	155	HUEDQ0561_SETD1A_1
HUPFP0068A6	B07	Miseq_097	156	HUEDQ0561_SETD1A_1
HUPFP0068A6	B08	Miseq_097	147	HUEDQ0561_SETD1A_1
HUPFP0068A6	B09	Miseq_097	148	HUEDQ0561_SETD1A_1
HUPFP0068A6	C01	Miseq_097	149	HUEDQ0561_SETD1A_1
HUPFP0068A6	C05	Miseq_097	150	HUEDQ0561_SETD1A_1
HUPFP0068A6	C06	Miseq_097	151	HUEDQ0561_SETD1A_1
HUPFP0068A7	A03	Miseq_113	179	HUEDQ0585_KDM6A
HUPFP0068A7	B08	Miseq_113	173	HUEDQ0585_KDM6A
HUPFP0068A7	B11	Miseq_113	180	HUEDQ0585_KDM6A
HUPFP0068A7	D07	Miseq_113	181	HUEDQ0585_KDM6A
HUPFP0068A7	D10	Miseq_113	184	HUEDQ0585_KDM6A
HUPFP0068A7	E01	Miseq_113	174	HUEDQ0585_KDM6A
HUPFP0068A7	E02	Miseq_113	182	HUEDQ0585_KDM6A
HUPFP0068A7	E09	Miseq_113	183	HUEDQ0585_KDM6A
HUPFP0068A7	H01	Miseq_113	175	HUEDQ0585_KDM6A
HUPFP0068A7	H02	Miseq_113	176	HUEDQ0585_KDM6A
HUPFP0068A7	H08	Miseq_113	177	HUEDQ0585_KDM6A
HUPFP0068A7	H09	Miseq_113	178	HUEDQ0585_KDM6A
HUPFP0068A8	A10	Miseq_100	231	HUEDQ0565_KAT6A_1
HUPFP0068A8	A12	Miseq_100	179	HUEDQ0563_KAT6A_1
HUPFP0068A8	B05	Miseq_100	232	HUEDQ0565_KAT6A_1
HUPFP0068A8	C04	Miseq_100	180	HUEDQ0563_KAT6A_1
HUPFP0068A8	C09	Miseq_100	178	HUEDQ0563_KAT6A_1
HUPFP0068A8	E10	Miseq_100	233	HUEDQ0565_KAT6A_1
HUPFP0068B3	C07	Miseq_101	145	HUEDQ0567_KDM5B_3
HUPFP0068B3	E08	Miseq_101	146	HUEDQ0567_KDM5B_3
HUPFP0068B3	E09	Miseq_101	147	HUEDQ0567_KDM5B_3
HUPFP0068B3	G12	Miseq_101	148	HUEDQ0567_KDM5B_3
HUPFP0068B3	H09	Miseq_101	149	HUEDQ0567_KDM5B_3
HUPFP0068B8	B08	Miseq_100	177	HUEDQ0563_KAT6A_1
HUPFP0068D8	D12	Miseq_105	147	HUEDQ0570_KAT6A
HUPFP0068E8	B01	Miseq_105	145	HUEDQ0570_KAT6A
HUPFP0068E8	B06	Miseq_105	241	HUEDQ0572_KAT6A
HUPFP0068E8	D10	Miseq_105	146	HUEDQ0570_KAT6A
HUPFP0068E8	E02	Miseq_105	148	HUEDQ0570_KAT6A
HUPFP0069A3	A01	Miseq_100	228	HUEDQ0565_SETD5_2
HUPFP0069A3	A02	Miseq_100	229	HUEDQ0565_SETD5_2
HUPFP0069A3	A04	Miseq_100	230	HUEDQ0565_SETD5_2
HUPFP0069A3	A05	Miseq_100	181	HUEDQ0563_SETD5_2
HUPFP0069A3	A06	Miseq_101	150	HUEDQ0567_SETD5_2
HUPFP0069A6	A05	Miseq_100	239	HUEDQ0565_KAT6B_1
HUPFP0069A6	A08	Miseq_100	245	HUEDQ0565_KAT6B_1
HUPFP0069A6	B01	Miseq_100	240	HUEDQ0565_KAT6B_1
HUPFP0069A6	C04	Miseq_101	151	HUEDQ0567_KAT6B_1
HUPFP0069A6	C06	Miseq_100	174	HUEDQ0563_KAT6B_1
HUPFP0069A6	C07	Miseq_100	241	HUEDQ0565_KAT6B_1
HUPFP0069A6	C12	Miseq_100	246	HUEDQ0565_KAT6B_1
HUPFP0069A6	E07	Miseq_100	242	HUEDQ0565_KAT6B_1
HUPFP0069A6	F11	Miseq_101	152	HUEDQ0567_KAT6B_1
HUPFP0069A6	F12	Miseq_101	153	HUEDQ0567_KAT6B_1
HUPFP0069A6	H03	Miseq_100	243	HUEDQ0565_KAT6B_1
HUPFP0069A6	H04	Miseq_100	244	HUEDQ0565_KAT6B_1
HUPFP0069A7	C07	Miseq_104	177	HUEDQ0569_POGZ_1
HUPFP0069A7	D08	Miseq_104	178	HUEDQ0569_POGZ_1
HUPFP0069A7	H09	Miseq_104	180	HUEDQ0569_POGZ_1
HUPFP0069B7	A02	Miseq_104	181	HUEDQ0569_POGZ_1
HUPFP0069B7	D03	Miseq_104	182	HUEDQ0569_POGZ_1
HUPFP0069B7	E01	Miseq_104	179	HUEDQ0569_POGZ_1
HUPFP0069B7	F03	Miseq_104	183	HUEDQ0569_POGZ_1
HUPFP0069B7	F06	Miseq_121	327	HUEDQ0604_POGZ
HUPFP0069B7	G01	Miseq_104	184	HUEDQ0569_POGZ_1
HUPFP0069B7	G10	Miseq_104	185	HUEDQ0569_POGZ_1
HUPFP0072A12	B03	Miseq_100	171	HUEDQ0563_FBN1_3
HUPFP0072A12	H06	Miseq_100	172	HUEDQ0563_FBN1_3
HUPFP0072A14	A07	Miseq_099	16	HUEDQ0562_ADAMTS9_2
HUPFP0072A14	G05	Miseq_099	17	HUEDQ0562_ADAMTS9_2
HUPFP0072A2	C05	Miseq_100	170	HUEDQ0563_RAC2_2
HUPFP0072A2	D07	Miseq_099	13	HUEDQ0562_RAC2_2
HUPFP0072A2	G02	Miseq_099	14	HUEDQ0562_RAC2_2
HUPFP0072A2	H04	Miseq_099	15	HUEDQ0562_RAC2_2
HUPFP0072A8	C07	Miseq_099	18	HUEDQ0562_SDC1_2
HUPFP0072A8	F06	Miseq_100	169	HUEDQ0563_SDC1_2
HUPFP0073A1	B02	Miseq_110	17	HUEDQ0578_ADRB2
HUPFP0073A1	B10	Miseq_110	1	HUEDQ0578_ADRB2
HUPFP0073A1	E10	Miseq_110	25	HUEDQ0578_ADRB2
HUPFP0073A1	F11	Miseq_110	9	HUEDQ0578_ADRB2
HUPFP0073A12	A05	Miseq_110	30	HUEDQ0578_DOK7
HUPFP0073A12	A07	Miseq_110	38	HUEDQ0578_DOK7
HUPFP0073A12	A12	Miseq_110	6	HUEDQ0578_DOK7
HUPFP0073A12	B03	Miseq_110	46	HUEDQ0578_DOK7
HUPFP0073A12	D04	Miseq_110	54	HUEDQ0578_DOK7
HUPFP0073A12	E09	Miseq_110	62	HUEDQ0578_DOK7
HUPFP0073A12	F01	Miseq_110	14	HUEDQ0578_DOK7
HUPFP0073A12	G03	Miseq_110	70	HUEDQ0578_DOK7
HUPFP0073A12	G06	Miseq_110	22	HUEDQ0578_DOK7
HUPFP0073A14	A01	Miseq_110	47	HUEDQ0578_IRX3
HUPFP0073A14	A07	Miseq_110	31	HUEDQ0578_IRX3
HUPFP0073A14	A10	Miseq_110	23	HUEDQ0578_IRX3
HUPFP0073A14	D07	Miseq_110	7	HUEDQ0578_IRX3
HUPFP0073A14	F05	Miseq_110	39	HUEDQ0578_IRX3
HUPFP0073A14	F10	Miseq_110	55	HUEDQ0578_IRX3
HUPFP0073A14	F11	Miseq_110	15	HUEDQ0578_IRX3
HUPFP0073A14	H02	Miseq_110	71	HUEDQ0578_IRX3
HUPFP0073A14	H07	Miseq_110	63	HUEDQ0578_IRX3
HUPFP0073A16	A12	Miseq_110	8	HUEDQ0578_IRX5
HUPFP0073A16	B06	Miseq_110	16	HUEDQ0578_IRX5
HUPFP0073A16	C07	Miseq_110	24	HUEDQ0578_IRX5
HUPFP0073A16	D08	Miseq_110	32	HUEDQ0578_IRX5
HUPFP0073A16	F04	Miseq_110	48	HUEDQ0578_IRX5
HUPFP0073A16	F12	Miseq_110	40	HUEDQ0578_IRX5
HUPFP0073A3	H05	Miseq_110	18	HUEDQ0578_COBLL1_2
HUPFP0073A6	A01	Miseq_110	3	HUEDQ0578_CYP1A1
HUPFP0073A6	A06	Miseq_110	11	HUEDQ0578_CYP1A1
HUPFP0073A6	B11	Miseq_110	59	HUEDQ0578_CYP1A1
HUPFP0073A6	C04	Miseq_110	67	HUEDQ0578_CYP1A1
HUPFP0073A6	C08	Miseq_110	27	HUEDQ0578_CYP1A1
HUPFP0073A6	C12	Miseq_110	35	HUEDQ0578_CYP1A1
HUPFP0073A6	E05	Miseq_110	19	HUEDQ0578_CYP1A1
HUPFP0073A6	F05	Miseq_110	51	HUEDQ0578_CYP1A1
HUPFP0073A6	G10	Miseq_110	43	HUEDQ0578_CYP1A1
HUPFP0073A8	B03	Miseq_110	4	HUEDQ0578_CYSTM1
HUPFP0073A8	C03	Miseq_110	12	HUEDQ0578_CYSTM1
HUPFP0073A8	C05	Miseq_110	28	HUEDQ0578_CYSTM1
HUPFP0073A8	C06	Miseq_110	20	HUEDQ0578_CYSTM1
HUPFP0073A8	D05	Miseq_110	36	HUEDQ0578_CYSTM1
HUPFP0073A8	G06	Miseq_110	44	HUEDQ0578_CYSTM1
HUPFP0073A9	A08	Miseq_110	195	HUEDQ0580_DLG4
HUPFP0073A9	A11	Miseq_110	53	HUEDQ0578_DLG4
HUPFP0073A9	D02	Miseq_110	29	HUEDQ0578_DLG4
HUPFP0073A9	D03	Miseq_110	13	HUEDQ0578_DLG4
HUPFP0073A9	E02	Miseq_110	21	HUEDQ0578_DLG4
HUPFP0073A9	F04	Miseq_110	69	HUEDQ0578_DLG4
HUPFP0073A9	G04	Miseq_110	37	HUEDQ0578_DLG4
HUPFP0073A9	G10	Miseq_110	45	HUEDQ0578_DLG4
HUPFP0073A9	H08	Miseq_110	61	HUEDQ0578_DLG4
HUPFP0074A1	A06	Miseq_110	129	HUEDQ0579_JAZF1
HUPFP0074A1	B01	Miseq_110	113	HUEDQ0579_JAZF1
HUPFP0074A1	C08	Miseq_110	137	HUEDQ0579_JAZF1
HUPFP0074A1	D04	Miseq_110	97	HUEDQ0579_JAZF1
HUPFP0074A1	D05	Miseq_110	121	HUEDQ0579_JAZF1
HUPFP0074A1	E02	Miseq_110	145	HUEDQ0579_JAZF1
HUPFP0074A1	E11	Miseq_110	105	HUEDQ0579_JAZF1
HUPFP0074A1	H03	Miseq_110	153	HUEDQ0579_JAZF1
HUPFP0074A1	H05	Miseq_110	161	HUEDQ0579_JAZF1
HUPFP0074A10	B09	Miseq_110	102	HUEDQ0579_TMEM189
HUPFP0074A10	C02	Miseq_110	142	HUEDQ0579_TMEM189
HUPFP0074A10	C05	Miseq_110	158	HUEDQ0579_TMEM189
HUPFP0074A10	E04	Miseq_110	110	HUEDQ0579_TMEM189
HUPFP0074A10	F02	Miseq_110	166	HUEDQ0579_TMEM189
HUPFP0074A10	G11	Miseq_110	126	HUEDQ0579_TMEM189
HUPFP0074A10	G12	Miseq_110	134	HUEDQ0579_TMEM189
HUPFP0074A10	H10	Miseq_110	150	HUEDQ0579_TMEM189
HUPFP0074A10	H12	Miseq_110	118	HUEDQ0579_TMEM189
HUPFP0074A12	B01	Miseq_110	109	HUEDQ0579_TMEM86A
HUPFP0074A12	B02	Miseq_110	149	HUEDQ0579_TMEM86A
HUPFP0074A12	B06	Miseq_110	157	HUEDQ0579_TMEM86A
HUPFP0074A12	C01	Miseq_110	101	HUEDQ0579_TMEM86A
HUPFP0074A12	D05	Miseq_110	117	HUEDQ0579_TMEM86A
HUPFP0074A12	D08	Miseq_110	133	HUEDQ0579_TMEM86A
HUPFP0074A12	E06	Miseq_110	165	HUEDQ0579_TMEM86A
HUPFP0074A12	F11	Miseq_110	141	HUEDQ0579_TMEM86A
HUPFP0074A12	H05	Miseq_110	125	HUEDQ0579_TMEM86A
HUPFP0074A14	B06	Miseq_110	211	HUEDQ0580_TMPRSS6
HUPFP0074A14	B07	Miseq_110	167	HUEDQ0579_TMPRSS6
HUPFP0074A14	B08	Miseq_110	135	HUEDQ0579_TMPRSS6
HUPFP0074A14	C10	Miseq_110	143	HUEDQ0579_TMPRSS6
HUPFP0074A14	D09	Miseq_110	103	HUEDQ0579_TMPRSS6
HUPFP0074A14	E11	Miseq_110	119	HUEDQ0579_TMPRSS6
HUPFP0074A14	F06	Miseq_110	159	HUEDQ0579_TMPRSS6
HUPFP0074A14	G10	Miseq_110	151	HUEDQ0579_TMPRSS6
HUPFP0074A14	H12	Miseq_110	111	HUEDQ0579_TMPRSS6
HUPFP0074A15	B03	Miseq_110	104	HUEDQ0579_TXNIP
HUPFP0074A15	B07	Miseq_110	160	HUEDQ0579_TXNIP
HUPFP0074A15	C07	Miseq_110	128	HUEDQ0579_TXNIP
HUPFP0074A15	D08	Miseq_110	112	HUEDQ0579_TXNIP
HUPFP0074A15	D11	Miseq_110	152	HUEDQ0579_TXNIP
HUPFP0074A15	G11	Miseq_110	144	HUEDQ0579_TXNIP
HUPFP0074A15	H02	Miseq_110	136	HUEDQ0579_TXNIP
HUPFP0074A15	H06	Miseq_110	168	HUEDQ0579_TXNIP
HUPFP0074A15	H09	Miseq_110	120	HUEDQ0579_TXNIP
HUPFP0074A3	A06	Miseq_110	138	HUEDQ0579_LPCAT2
HUPFP0074A3	C06	Miseq_110	98	HUEDQ0579_LPCAT2
HUPFP0074A3	C12	Miseq_110	106	HUEDQ0579_LPCAT2
HUPFP0074A3	D06	Miseq_110	114	HUEDQ0579_LPCAT2
HUPFP0074A3	F06	Miseq_110	122	HUEDQ0579_LPCAT2
HUPFP0074A3	F09	Miseq_110	146	HUEDQ0579_LPCAT2
HUPFP0074A3	G11	Miseq_110	130	HUEDQ0579_LPCAT2
HUPFP0074A5	A04	Miseq_110	131	HUEDQ0579_THSD7A
HUPFP0074A5	B01	Miseq_110	147	HUEDQ0579_THSD7A
HUPFP0074A5	B05	Miseq_110	99	HUEDQ0579_THSD7A
HUPFP0074A5	B06	Miseq_110	115	HUEDQ0579_THSD7A
HUPFP0074A5	D03	Miseq_110	155	HUEDQ0579_THSD7A
HUPFP0074A5	E04	Miseq_110	203	HUEDQ0580_THSD7A
HUPFP0074A5	F01	Miseq_110	123	HUEDQ0579_THSD7A
HUPFP0074A5	G04	Miseq_110	163	HUEDQ0579_THSD7A
HUPFP0074A5	H02	Miseq_110	107	HUEDQ0579_THSD7A
HUPFP0074A7	A03	Miseq_110	148	HUEDQ0579_TLN2
HUPFP0074A7	B06	Miseq_110	140	HUEDQ0579_TLN2
HUPFP0074A7	D04	Miseq_110	100	HUEDQ0579_TLN2
HUPFP0074A7	F05	Miseq_110	132	HUEDQ0579_TLN2
HUPFP0074A7	F10	Miseq_110	116	HUEDQ0579_TLN2
HUPFP0074A7	G07	Miseq_110	124	HUEDQ0579_TLN2
HUPFP0074A7	G12	Miseq_110	108	HUEDQ0579_TLN2
HUPFP0075A2	A03	Miseq_110	193	HUEDQ0580_XYLB
HUPFP0075A2	A11	Miseq_110	201	HUEDQ0580_XYLB
HUPFP0075A2	B06	Miseq_110	233	HUEDQ0580_XYLB
HUPFP0075A2	B08	Miseq_110	209	HUEDQ0580_XYLB
HUPFP0075A2	B10	Miseq_110	241	HUEDQ0580_XYLB
HUPFP0075A2	D12	Miseq_110	225	HUEDQ0580_XYLB
HUPFP0075A2	E07	Miseq_110	257	HUEDQ0580_XYLB
HUPFP0075A2	F04	Miseq_110	249	HUEDQ0580_XYLB
HUPFP0075A2	G05	Miseq_110	217	HUEDQ0580_XYLB
HUPFP0076A1	A01	Miseq_111	335	HUEDQ0582_ASXL1
HUPFP0076A1	A02	Miseq_111	329	HUEDQ0582_ASXL1
HUPFP0076A1	A03	Miseq_111	330	HUEDQ0582_ASXL1
HUPFP0076A1	A05	Miseq_111	331	HUEDQ0582_ASXL1
HUPFP0076A1	A06	Miseq_111	332	HUEDQ0582_ASXL1
HUPFP0076A1	A08	Miseq_111	333	HUEDQ0582_ASXL1
HUPFP0076A1	A10	Miseq_111	334	HUEDQ0582_ASXL1
HUPFP0076A1	B02	Miseq_112	169	HUEDQ0584_ASXL1
HUPFP0076A1	B03	Miseq_111	336	HUEDQ0582_ASXL1
HUPFP0076A1	B04	Miseq_111	337	HUEDQ0582_ASXL1
HUPFP0076A1	C12	Miseq_111	338	HUEDQ0582_ASXL1
HUPFP0076A1	D06	Miseq_111	339	HUEDQ0582_ASXL1
HUPFP0076A2	A01	Miseq_111	124	HUEDQ0581_TCF4
HUPFP0076A2	A02	Miseq_111	125	HUEDQ0581_TCF4
HUPFP0076A2	A03	Miseq_111	126	HUEDQ0581_TCF4
HUPFP0076A2	A05	Miseq_111	127	HUEDQ0581_TCF4
HUPFP0076A2	A06	Miseq_111	128	HUEDQ0581_TCF4
HUPFP0076A2	A07	Miseq_111	129	HUEDQ0581_TCF4
HUPFP0076A2	B03	Miseq_111	130	HUEDQ0581_TCF4
HUPFP0076A2	C10	Miseq_111	131	HUEDQ0581_TCF4
HUPFP0076A2	D01	Miseq_111	132	HUEDQ0581_TCF4
HUPFP0076A2	D05	Miseq_111	133	HUEDQ0581_TCF4
HUPFP0076A2	D11	Miseq_111	134	HUEDQ0581_TCF4
HUPFP0076A3	A03	Miseq_111	374	HUEDQ0583_SMARCA4
HUPFP0076A3	A04	Miseq_111	375	HUEDQ0583_SMARCA4
HUPFP0076A3	A10	Miseq_111	376	HUEDQ0583_SMARCA4
HUPFP0076A3	B02	Miseq_112	170	HUEDQ0584_SMARCA4
HUPFP0076A3	B05	Miseq_111	377	HUEDQ0583_SMARCA4
HUPFP0076A3	B12	Miseq_111	379	HUEDQ0583_SMARCA4
HUPFP0076A3	C02	Miseq_111	378	HUEDQ0583_SMARCA4
HUPFP0076A3	C05	Miseq_111	380	HUEDQ0583_SMARCA4
HUPFP0076A3	C08	Miseq_111	381	HUEDQ0583_SMARCA4
HUPFP0076A3	D05	Miseq_111	382	HUEDQ0583_SMARCA4
HUPFP0076A3	D10	Miseq_111	383	HUEDQ0583_SMARCA4
HUPFP0076A3	D12	Miseq_111	384	HUEDQ0583_SMARCA4
HUPFP0076A4	A01	Miseq_111	363	HUEDQ0583_FOXG1
HUPFP0076A4	A03	Miseq_111	364	HUEDQ0583_FOXG1
HUPFP0076A4	A06	Miseq_111	365	HUEDQ0583_FOXG1
HUPFP0076A4	A07	Miseq_111	366	HUEDQ0583_FOXG1
HUPFP0076A4	A08	Miseq_111	367	HUEDQ0583_FOXG1
HUPFP0076A4	A09	Miseq_111	368	HUEDQ0583_FOXG1
HUPFP0076A4	B12	Miseq_111	369	HUEDQ0583_FOXG1
HUPFP0076A4	C04	Miseq_111	370	HUEDQ0583_FOXG1
HUPFP0076A4	C05	Miseq_111	371	HUEDQ0583_FOXG1
HUPFP0076A4	C07	Miseq_111	372	HUEDQ0583_FOXG1
HUPFP0076A4	C08	Miseq_111	373	HUEDQ0583_FOXG1
HUPFP0076A5	A08	Miseq_111	135	HUEDQ0581_CHD7
HUPFP0076A5	A10	Miseq_111	140	HUEDQ0581_CHD7
HUPFP0076A5	B09	Miseq_111	136	HUEDQ0581_CHD7
HUPFP0076A5	B10	Miseq_111	137	HUEDQ0581_CHD7
HUPFP0076A5	B11	Miseq_111	141	HUEDQ0581_CHD7
HUPFP0076A5	C03	Miseq_111	138	HUEDQ0581_CHD7
HUPFP0076A5	C04	Miseq_111	139	HUEDQ0581_CHD7
HUPFP0076A5	D01	Miseq_111	142	HUEDQ0581_CHD7
HUPFP0076A5	E01	Miseq_111	143	HUEDQ0581_CHD7
HUPFP0076A5	E11	Miseq_111	144	HUEDQ0581_CHD7
HUPFP0076A5	F04	Miseq_111	145	HUEDQ0581_CHD7
HUPFP0076A6	A04	Miseq_111	350	HUEDQ0582_MED13L
HUPFP0076A6	B05	Miseq_112	191	HUEDQ0582_B_MED13L
HUPFP0076A6	F03	Miseq_111	352	HUEDQ0582_MED13L
HUPFP0076A6	G01	Miseq_111	353	HUEDQ0582_MED13L
HUPFP0076A6	H11	Miseq_112	192	HUEDQ0582_B_MED13L
HUPFP0076B6	A04	Miseq_113	161	HUEDQ0585_MED13L
HUPFP0076B6	A07	Miseq_112	171	HUEDQ0584_MED13L
HUPFP0076B6	A12	Miseq_112	181	HUEDQ0584_MED13L
HUPFP0076B6	C01	Miseq_112	172	HUEDQ0584_MED13L
HUPFP0076B6	C05	Miseq_112	182	HUEDQ0584_MED13L
HUPFP0076B6	E08	Miseq_112	183	HUEDQ0584_MED13L
HUPFP0080A1	B02	Miseq_083	98	HUEDQ0554_CDKN1B_2
HUPFP0080A1	B10	Miseq_083	100	HUEDQ0554_CDKN1B_2
HUPFP0080A1	C01	Miseq_083	97	HUEDQ0554_CDKN1B_2
HUPFP0080A1	C03	Miseq_083	99	HUEDQ0554_CDKN1B_2
HUPFP0080A1	C05	Miseq_083	101	HUEDQ0554_CDKN1B_2
HUPFP0080A1	F02	Miseq_085	191	HUEDQ0554
HUPFP0082A1	A06	Miseq_115	201	HUEDQ0587_MYT1L
HUPFP0082A1	B06	Miseq_115	217	HUEDQ0587_MYT1L
HUPFP0082A1	B09	Miseq_115	241	HUEDQ0587_MYT1L
HUPFP0082A1	B12	Miseq_115	225	HUEDQ0587_MYT1L
HUPFP0082A1	C01	Miseq_115	273	HUEDQ0587_MYT1L
HUPFP0082A1	C09	Miseq_115	265	HUEDQ0587_MYT1L
HUPFP0082A1	C12	Miseq_115	281	HUEDQ0587_MYT1L
HUPFP0082A1	E02	Miseq_115	193	HUEDQ0587_MYT1L
HUPFP0082A1	E06	Miseq_115	257	HUEDQ0587_MYT1L
HUPFP0082A1	F04	Miseq_115	233	HUEDQ0587_MYT1L
HUPFP0082A1	F05	Miseq_115	209	HUEDQ0587_MYT1L
HUPFP0082A1	G03	Miseq_115	249	HUEDQ0587_MYT1L
HUPFP0082A6	A03	Miseq_116	338	HUEDQ0588_PHIP
HUPFP0082A6	A08	Miseq_116	298	HUEDQ0588_PHIP
HUPFP0082A6	A09	Miseq_116	290	HUEDQ0588_PHIP
HUPFP0082A6	B04	Miseq_116	330	HUEDQ0588_PHIP
HUPFP0082A6	B08	Miseq_116	370	HUEDQ0588_PHIP
HUPFP0082A6	B09	Miseq_116	362	HUEDQ0588_PHIP
HUPFP0082A6	C04	Miseq_116	314	HUEDQ0588_PHIP
HUPFP0082A6	C06	Miseq_116	306	HUEDQ0588_PHIP
HUPFP0082A6	C10	Miseq_116	354	HUEDQ0588_PHIP
HUPFP0082A6	E11	Miseq_118	325	HUEDQ0593B_PHIP
HUPFP0082A6	F03	Miseq_116	378	HUEDQ0588_PHIP
HUPFP0082A6	G02	Miseq_118	301	HUEDQ0593B_PHIP
HUPFP0082A6	G04	Miseq_116	346	HUEDQ0588_PHIP
HUPFP0082A6	G05	Miseq_118	309	HUEDQ0593B_PHIP
HUPFP0082A6	G06	Miseq_116	322	HUEDQ0588_PHIP
HUPFP0082A6	H03	Miseq_118	317	HUEDQ0593B_PHIP
HUPFP0083A9	B12	Miseq_115	98	HUEDQ0587_ASXL2
HUPFP0083A9	C05	Miseq_115	146	HUEDQ0587_ASXL2
HUPFP0083A9	D07	Miseq_115	170	HUEDQ0587_ASXL2
HUPFP0083A9	E02	Miseq_115	106	HUEDQ0587_ASXL2
HUPFP0083A9	F05	Miseq_115	114	HUEDQ0587_ASXL2
HUPFP0083A9	G01	Miseq_115	154	HUEDQ0587_ASXL2
HUPFP0083A9	G11	Miseq_115	130	HUEDQ0587_ASXL2
HUPFP0083A9	H06	Miseq_115	162	HUEDQ0587_ASXL2
HUPFP0083A9	H07	Miseq_115	122	HUEDQ0587_ASXL2
HUPFP0083A9	H11	Miseq_115	138	HUEDQ0587_ASXL2
HUPFP0084A5	A06	Miseq_116	361	HUEDQ0590_KDM5C
HUPFP0084A5	B01	Miseq_116	313	HUEDQ0590_KDM5C
HUPFP0084A5	B03	Miseq_116	369	HUEDQ0590_KDM5C
HUPFP0084A5	C04	Miseq_116	377	HUEDQ0590_KDM5C
HUPFP0084A5	C08	Miseq_116	353	HUEDQ0590_KDM5C
HUPFP0084A5	C09	Miseq_116	345	HUEDQ0590_KDM5C
HUPFP0084A5	C12	Miseq_116	329	HUEDQ0590_KDM5C
HUPFP0084A5	D10	Miseq_116	289	HUEDQ0590_KDM5C
HUPFP0084A5	D11	Miseq_116	305	HUEDQ0590_KDM5C
HUPFP0084A5	E03	Miseq_116	321	HUEDQ0590_KDM5C
HUPFP0084A5	E12	Miseq_116	297	HUEDQ0590_KDM5C
HUPFP0084A5	F11	Miseq_116	337	HUEDQ0590_KDM5C
HUPFP0085A1	A04	Miseq_116	338	HUEDQ0591_BRPF1
HUPFP0085A1	A07	Miseq_116	306	HUEDQ0591_BRPF1
HUPFP0085A1	A10	Miseq_116	378	HUEDQ0591_BRPF1
HUPFP0085A1	A11	Miseq_116	346	HUEDQ0591_BRPF1
HUPFP0085A1	B05	Miseq_116	314	HUEDQ0591_BRPF1
HUPFP0085A1	B09	Miseq_116	298	HUEDQ0591_BRPF1
HUPFP0085A1	C03	Miseq_116	322	HUEDQ0591_BRPF1
HUPFP0085A1	C10	Miseq_116	290	HUEDQ0591_BRPF1
HUPFP0085A1	F02	Miseq_116	354	HUEDQ0591_BRPF1
HUPFP0085A1	G07	Miseq_116	362	HUEDQ0591_BRPF1
HUPFP0085A1	G09	Miseq_116	330	HUEDQ0591_BRPF1
HUPFP0085A1	H11	Miseq_116	370	HUEDQ0591_BRPF1
HUPFP0085A2	A01	Miseq_116	305	HUEDQ0591_CHD8
HUPFP0085A2	A06	Miseq_116	369	HUEDQ0591_CHD8
HUPFP0085A2	A08	Miseq_116	297	HUEDQ0591_CHD8
HUPFP0085A2	B01	Miseq_116	329	HUEDQ0591_CHD8
HUPFP0085A2	C05	Miseq_116	337	HUEDQ0591_CHD8
HUPFP0085A2	C10	Miseq_116	361	HUEDQ0591_CHD8
HUPFP0085A2	D01	Miseq_116	313	HUEDQ0591_CHD8
HUPFP0085A2	D02	Miseq_116	321	HUEDQ0591_CHD8
HUPFP0085A2	F03	Miseq_116	377	HUEDQ0591_CHD8
HUPFP0085A2	H05	Miseq_116	289	HUEDQ0591_CHD8
HUPFP0085A2	H07	Miseq_116	345	HUEDQ0591_CHD8
HUPFP0085A2	H12	Miseq_116	353	HUEDQ0591_CHD8
HUPFP0085A4	A01	Miseq_118	357	HUEDQ0593B_PHF12
HUPFP0085A4	A05	Miseq_117	219	HUEDQ0592_PHF12
HUPFP0085A4	A06	Miseq_117	244	HUEDQ0592_PHF12
HUPFP0085A4	A10	Miseq_120	245	HUEDQ0603_PHF12
HUPFP0085A4	A12	Miseq_117	212	HUEDQ0592_PHF12
HUPFP0085A4	B01	Miseq_117	236	HUEDQ0592_PHF12
HUPFP0085A4	B04	Miseq_120	221	HUEDQ0603_PHF12
HUPFP0085A4	B11	Miseq_117	220	HUEDQ0592_PHF12
HUPFP0085A4	D04	Miseq_117	228	HUEDQ0592_PHF12
HUPFP0085A4	D05	Miseq_117	227	HUEDQ0592_PHF12
HUPFP0085A4	D07	Miseq_117	243	HUEDQ0592_PHF12
HUPFP0085A4	E08	Miseq_117	211	HUEDQ0592_PHF12
HUPFP0085A4	G01	Miseq_117	235	HUEDQ0592_PHF12
HUPFP0085A4	G04	Miseq_120	237	HUEDQ0603_PHF12
HUPFP0085A4	H06	Miseq_120	229	HUEDQ0603_PHF12
HUPFP0085A4	H11	Miseq_117	204	HUEDQ0592_PHF12
HUPFP0085A5	B09	Miseq_116	289	HUEDQ0588_SPEN
HUPFP0085A5	B10	Miseq_118	341	HUEDQ0593B_SPEN
HUPFP0085A5	B12	Miseq_116	361	HUEDQ0588_SPEN
HUPFP0085A5	C01	Miseq_116	345	HUEDQ0588_SPEN
HUPFP0085A5	C05	Miseq_116	321	HUEDQ0588_SPEN
HUPFP0085A5	C07	Miseq_116	353	HUEDQ0588_SPEN
HUPFP0085A5	C11	Miseq_116	337	HUEDQ0588_SPEN
HUPFP0085A5	D08	Miseq_116	297	HUEDQ0588_SPEN
HUPFP0085A5	D12	Miseq_118	349	HUEDQ0593B_SPEN
HUPFP0085A5	E07	Miseq_116	313	HUEDQ0588_SPEN
HUPFP0085A5	G01	Miseq_116	369	HUEDQ0588_SPEN
HUPFP0085A5	G10	Miseq_116	329	HUEDQ0588_SPEN
HUPFP0085A5	H11	Miseq_116	305	HUEDQ0588_SPEN
HUPFP0085A6	A01	Miseq_118	203	HUEDQ0597_ZEB2
HUPFP0085A6	A04	Miseq_118	227	HUEDQ0597_ZEB2
HUPFP0085A6	A08	Miseq_118	259	HUEDQ0597_ZEB2
HUPFP0085A6	B04	Miseq_118	235	HUEDQ0597_ZEB2
HUPFP0085A6	B06	Miseq_117	226	HUEDQ0592_ZEB2
HUPFP0085A6	B08	Miseq_118	219	HUEDQ0597_ZEB2
HUPFP0085A6	D01	Miseq_118	251	HUEDQ0597_ZEB2
HUPFP0085A6	F01	Miseq_118	211	HUEDQ0597_ZEB2
HUPFP0085A6	F09	Miseq_118	267	HUEDQ0597_ZEB2
HUPFP0085A6	G09	Miseq_118	243	HUEDQ0597_ZEB2
HUPFP0087A1_A2	A07	Miseq_117	145	HUEDQ0594_EBF3
HUPFP0087A1_A2	A08	Miseq_117	113	HUEDQ0594_EBF3
HUPFP0087A1_A2	A10	Miseq_117	121	HUEDQ0594_EBF3
HUPFP0087A1_A2	A11	Miseq_117	161	HUEDQ0594_EBF3
HUPFP0087A1_A2	B09	Miseq_117	153	HUEDQ0594_EBF3
HUPFP0087A1_A2	B12	Miseq_117	97	HUEDQ0594_EBF3
HUPFP0087A1_A2	C08	Miseq_117	169	HUEDQ0594_EBF3
HUPFP0087A1_A2	E08	Miseq_117	129	HUEDQ0594_EBF3
HUPFP0087A1_A2	E12	Miseq_117	137	HUEDQ0594_EBF3
HUPFP0087A1_A2	F07	Miseq_117	185	HUEDQ0594_EBF3
HUPFP0087A1_A2	F12	Miseq_117	177	HUEDQ0594_EBF3
HUPFP0087A1_A2	G08	Miseq_117	105	HUEDQ0594_EBF3
HUPFP0087A5	A10	Miseq_117	98	HUEDQ0595_MEF2C
HUPFP0087A5	B08	Miseq_117	106	HUEDQ0595_MEF2C
HUPFP0087A5	B12	Miseq_117	162	HUEDQ0595_MEF2C
HUPFP0087A5	C05	Miseq_117	170	HUEDQ0595_MEF2C
HUPFP0087A5	D03	Miseq_117	154	HUEDQ0595_MEF2C
HUPFP0087A5	E04	Miseq_117	138	HUEDQ0595_MEF2C
HUPFP0087A5	G04	Miseq_117	130	HUEDQ0595_MEF2C
HUPFP0087A5	G11	Miseq_117	114	HUEDQ0595_MEF2C
HUPFP0087A5	H03	Miseq_117	146	HUEDQ0595_MEF2C
HUPFP0087A5	H09	Miseq_117	122	HUEDQ0595_MEF2C
HUPFP0087A9	A04	Miseq_117	121	HUEDQ0595_NFIX
HUPFP0087A9	A09	Miseq_119	4	HUEDQ0598_NFIX
HUPFP0087A9	A11	Miseq_117	97	HUEDQ0595_NFIX
HUPFP0087A9	B10	Miseq_119	12	HUEDQ0598_NFIX
HUPFP0087A9	C12	Miseq_117	161	HUEDQ0595_NFIX
HUPFP0087A9	D07	Miseq_119	20	HUEDQ0598_NFIX
HUPFP0087A9	E04	Miseq_117	153	HUEDQ0595_NFIX
HUPFP0087A9	F01	Miseq_117	145	HUEDQ0595_NFIX
HUPFP0087A9	F04	Miseq_119	36	HUEDQ0598_NFIX
HUPFP0087A9	F12	Miseq_117	137	HUEDQ0595_NFIX
HUPFP0087A9	G03	Miseq_119	44	HUEDQ0598_NFIX
HUPFP0087A9	G04	Miseq_119	28	HUEDQ0598_NFIX
HUPFP0087A9	G06	Miseq_117	105	HUEDQ0595_NFIX
HUPFP0087A9	H04	Miseq_117	113	HUEDQ0595_NFIX
HUPFP0087A9	H10	Miseq_117	169	HUEDQ0595_NFIX
HUPFP0087A9	H12	Miseq_117	129	HUEDQ0595_NFIX
HUPFP0087B5	A02	MiSEQ_123	97	HUEDQ0610_MEF2C
HUPFP0087B5	B01	MiSEQ_123	98	HUEDQ0610_MEF2C
HUPFP0087B5	B02	MiSEQ_123	99	HUEDQ0610_MEF2C
HUPFP0089A10	A04	Miseq_119	82	HUEDQ0598_MBD5
HUPFP0089A10	A10	Miseq_119	42	HUEDQ0598_MBD5
HUPFP0089A10	B09	Miseq_119	18	HUEDQ0598_MBD5
HUPFP0089A10	C01	Miseq_119	26	HUEDQ0598_MBD5
HUPFP0089A10	C06	Miseq_119	2	HUEDQ0598_MBD5
HUPFP0089A10	C10	Miseq_119	10	HUEDQ0598_MBD5
HUPFP0089A10	D02	Miseq_119	58	HUEDQ0598_MBD5
HUPFP0089A10	E03	Miseq_119	66	HUEDQ0598_MBD5
HUPFP0089A10	E08	Miseq_119	90	HUEDQ0598_MBD5
HUPFP0089A10	F01	Miseq_119	74	HUEDQ0598_MBD5
HUPFP0089A10	G03	Miseq_119	50	HUEDQ0598_MBD5
HUPFP0089A10	H09	Miseq_119	34	HUEDQ0598_MBD5
HUPFP0089A11	B01	Miseq_119	227	HUEDQ0599_SETBP1
HUPFP0089A11	B05	Miseq_119	234	HUEDQ0599_SETBP1
HUPFP0089A11	B11	Miseq_119	202	HUEDQ0599_SETBP1
HUPFP0089A11	C10	Miseq_119	210	HUEDQ0599_SETBP1
HUPFP0089A11	C11	Miseq_119	211	HUEDQ0599_SETBP1
HUPFP0089A11	E02	Miseq_119	226	HUEDQ0599_SETBP1
HUPFP0089A11	F02	Miseq_119	250	HUEDQ0599_SETBP1
HUPFP0089A11	F07	Miseq_119	242	HUEDQ0599_SETBP1
HUPFP0089A11	G01	Miseq_119	219	HUEDQ0599_SETBP1
HUPFP0089A11	G02	Miseq_119	218	HUEDQ0599_SETBP1
HUPFP0089A11	G09	Miseq_119	243	HUEDQ0599_SETBP1
HUPFP0089A11	H03	Miseq_119	235	HUEDQ0599_SETBP1
HUPFP0089A11	H07	Miseq_119	203	HUEDQ0599_SETBP1
HUPFP0089A2	A10	Miseq_119	75	HUEDQ0598_PBX1
HUPFP0089A2	B09	Miseq_119	59	HUEDQ0598_PBX1
HUPFP0089A2	B11	Miseq_119	11	HUEDQ0598_PBX1
HUPFP0089A2	C09	Miseq_119	3	HUEDQ0598_PBX1
HUPFP0089A2	C10	Miseq_119	51	HUEDQ0598_PBX1
HUPFP0089A2	C11	Miseq_119	27	HUEDQ0598_PBX1
HUPFP0089A2	C12	Miseq_119	43	HUEDQ0598_PBX1
HUPFP0089A2	E09	Miseq_119	35	HUEDQ0598_PBX1
HUPFP0089A2	E11	Miseq_119	83	HUEDQ0598_PBX1
HUPFP0089A2	F08	Miseq_119	67	HUEDQ0598_PBX1
HUPFP0089A2	G10	Miseq_119	19	HUEDQ0598_PBX1
HUPFP0089A4	A04	Miseq_119	41	HUEDQ0598_SOX5
HUPFP0089A4	A09	Miseq_119	17	HUEDQ0598_SOX5
HUPFP0089A4	B04	Miseq_119	89	HUEDQ0598_SOX5
HUPFP0089A4	B08	Miseq_119	65	HUEDQ0598_SOX5
HUPFP0089A4	C11	Miseq_119	25	HUEDQ0598_SOX5
HUPFP0089A4	D04	Miseq_119	81	HUEDQ0598_SOX5
HUPFP0089A4	D09	Miseq_119	1	HUEDQ0598_SOX5
HUPFP0089A4	E02	Miseq_119	9	HUEDQ0598_SOX5
HUPFP0089A4	E12	Miseq_119	73	HUEDQ0598_SOX5
HUPFP0089A4	F07	Miseq_119	57	HUEDQ0598_SOX5
HUPFP0089A4	G03	Miseq_119	33	HUEDQ0598_SOX5
HUPFP0089A4	H03	Miseq_119	49	HUEDQ0598_SOX5
HUPFP0090A1	B01	Miseq_102	174	HUEDQ0568_CTNNB1_4
HUPFP0090A1	B02	Miseq_102	169	HUEDQ0568_CTNNB1_4
HUPFP0090A1	B07	Miseq_102	170	HUEDQ0568_CTNNB1_4
HUPFP0090A1	C02	Miseq_108	180	HUEDQ0576_CTNNB1
HUPFP0090A1	C11	Miseq_102	175	HUEDQ0568_CTNNB1_4
HUPFP0090A1	F04	Miseq_102	171	HUEDQ0568_CTNNB1_4
HUPFP0090A1	F09	Miseq_102	172	HUEDQ0568_CTNNB1_4
HUPFP0090A1	F11	Miseq_102	173	HUEDQ0568_CTNNB1_4
HUPFP0090A1	G12	Miseq_108	181	HUEDQ0576_CTNNB1
HUPFP0090A1	H08	Miseq_108	182	HUEDQ0576_CTNNB1
HUPFP0090A1	H09	Miseq_102	176	HUEDQ0568_CTNNB1_4
HUPFP0090A2	A01	Miseq_100	235	HUEDQ0565_EP300_1
HUPFP0090A2	A04	Miseq_100	234	HUEDQ0565_EP300_1
HUPFP0090A2	B01	Miseq_100	175	HUEDQ0563_EP300_1
HUPFP0090A2	B06	Miseq_100	236	HUEDQ0565_EP300_1
HUPFP0090A2	B08	Miseq_100	176	HUEDQ0563_EP300_1
HUPFP0090A2	C01	Miseq_101	154	HUEDQ0567_EP300_1
HUPFP0090A2	C04	Miseq_100	237	HUEDQ0565_EP300_1
HUPFP0090A2	C05	Miseq_100	173	HUEDQ0563_EP300_1
HUPFP0090A2	E09	Miseq_100	238	HUEDQ0565_EP300_1
HUPFP0090A2	E10	Miseq_101	155	HUEDQ0567_EP300_1
HUPFP0090A2	H02	Miseq_101	156	HUEDQ0567_EP300_1
HUPFP0090A3	A08	Miseq_104	171	HUEDQ0569_EHMT1_1
HUPFP0090A3	A11	Miseq_105	63	HUEDQ0574_EHMT1
HUPFP0090A3	B02	Miseq_102	177	HUEDQ0568_EHMT1_1
HUPFP0090A3	C01	Miseq_102	178	HUEDQ0568_EHMT1_1
HUPFP0090A3	C03	Miseq_104	169	HUEDQ0569_EHMT1_1
HUPFP0090A3	D01	Miseq_119	212	HUEDQ0600_EHMT1
HUPFP0090A3	D02	Miseq_105	363	HUEDQ0573_EHMT1
HUPFP0090A3	D03	Miseq_102	179	HUEDQ0568_EHMT1_1
HUPFP0090A3	E05	Miseq_104	173	HUEDQ0569_EHMT1_1
HUPFP0090A3	E10	Miseq_104	170	HUEDQ0569_EHMT1_1
HUPFP0090A3	H03	Miseq_102	180	HUEDQ0568_EHMT1_1
HUPFP0090A3	H09	Miseq_104	174	HUEDQ0569_EHMT1_1
HUPFP0090A4	B01	Miseq_101	157	HUEDQ0567_ZBTB18_2
HUPFP0090A4	B02	Miseq_101	158	HUEDQ0567_ZBTB18_2
HUPFP0090A4	B03	Miseq_101	161	HUEDQ0567_ZBTB18_2
HUPFP0090A4	C03	Miseq_101	162	HUEDQ0567_ZBTB18_2
HUPFP0090A4	D03	Miseq_101	159	HUEDQ0567_ZBTB18_2
HUPFP0090A4	D04	Miseq_101	160	HUEDQ0567_ZBTB18_2
HUPFP0090A4	D06	Miseq_101	163	HUEDQ0567_ZBTB18_2
HUPFP0090A4	E04	Miseq_100	225	HUEDQ0565_ZBTB18_2
HUPFP0090A4	F02	Miseq_100	227	HUEDQ0565_ZBTB18_2
HUPFP0090A4	G02	Miseq_100	226	HUEDQ0565_ZBTB18_2
HUPFP0090B1	A03	Miseq_105	64	HUEDQ0574_CTNNB1
HUPFP0090B4	A03	Miseq_102	181	HUEDQ0568_ZBTB18_2
HUPFP0090B4	A08	Miseq_102	182	HUEDQ0568_ZBTB18_2
HUPFP0090B4	G09	Miseq_102	183	HUEDQ0568_ZBTB18_2
HUPFP0091A1	B02	Miseq_105	260	HUEDQ0572_DNMT3A
HUPFP0091A1	B07	Miseq_105	50	HUEDQ0574_DNMT3A
HUPFP0091A1	C02	Miseq_105	188	HUEDQ0571_DNMT3A
HUPFP0091A1	C04	Miseq_105	51	HUEDQ0574_DNMT3A
HUPFP0091A1	C05	Miseq_105	52	HUEDQ0574_DNMT3A
HUPFP0091A1	C08	Miseq_105	261	HUEDQ0572_DNMT3A
HUPFP0091A1	D10	Miseq_105	53	HUEDQ0574_DNMT3A
HUPFP0091A1	F06	Miseq_105	262	HUEDQ0572_DNMT3A
HUPFP0091A2	A03	Miseq_105	245	HUEDQ0572_AUTS2
HUPFP0091A2	A07	Miseq_107	175	HUEDQ0575_AUTS2
HUPFP0091A2	B04	Miseq_105	179	HUEDQ0571_AUTS2
HUPFP0091A2	B07	Miseq_105	180	HUEDQ0571_AUTS2
HUPFP0091A2	B12	Miseq_107	176	HUEDQ0575_AUTS2
HUPFP0091A2	C02	Miseq_105	247	HUEDQ0572_AUTS2
HUPFP0091A2	C06	Miseq_107	177	HUEDQ0575_AUTS2
HUPFP0091A2	D07	Miseq_107	178	HUEDQ0575_AUTS2
HUPFP0091A2	E01	Miseq_105	182	HUEDQ0571_AUTS2
HUPFP0091A2	E07	Miseq_119	235	HUEDQ0600_AUTS2
HUPFP0091A2	F03	Miseq_105	183	HUEDQ0571_AUTS2
HUPFP0091A2	F05	Miseq_119	227	HUEDQ0600_AUTS2
HUPFP0091A3	A02	Miseq_105	55	HUEDQ0574_CHD2
HUPFP0091A3	A05	Miseq_105	264	HUEDQ0572_CHD2
HUPFP0091A3	C05	Miseq_105	185	HUEDQ0571_CHD2
HUPFP0091A3	C08	Miseq_105	186	HUEDQ0571_CHD2
HUPFP0091A3	D01	Miseq_105	187	HUEDQ0571_CHD2
HUPFP0091A3	D10	Miseq_105	56	HUEDQ0574_CHD2
HUPFP0091B1	B01	Miseq_105	49	HUEDQ0574_DNMT3A
HUPFP0091B1	E01	Miseq_105	54	HUEDQ0574_DNMT3A
HUPFP0091B1	E04	Miseq_108	183	HUEDQ0576_DNMT3A
HUPFP0091B1	E06	Miseq_108	184	HUEDQ0576_DNMT3A
HUPFP0091B2	B01	Miseq_105	246	HUEDQ0572_AUTS2
HUPFP0091B2	B02	Miseq_105	178	HUEDQ0571_AUTS2
HUPFP0091B2	C02	Miseq_105	248	HUEDQ0572_AUTS2
HUPFP0091B2	D03	Miseq_105	181	HUEDQ0571_AUTS2
HUPFP0091B2	D06	Miseq_105	249	HUEDQ0572_AUTS2
HUPFP0091B2	E04	Miseq_105	61	HUEDQ0574_AUTS2
HUPFP0091B2	F12	Miseq_105	184	HUEDQ0571_AUTS2
HUPFP0091B2	H11	Miseq_105	62	HUEDQ0574_AUTS2
HUPFP0091B3	A03	Miseq_105	263	HUEDQ0572_CHD2
HUPFP0091B3	C03	Miseq_107	182	HUEDQ0575_CHD2
HUPFP0091B3	C05	Miseq_108	187	HUEDQ0576_CHD2
HUPFP0091B3	E12	Miseq_105	57	HUEDQ0574_CHD2
HUPFP0092A1	A01	Miseq_105	58	HUEDQ0574_GATAD2B
HUPFP0092A1	A08	Miseq_105	152	HUEDQ0570_GATAD2B
HUPFP0092A1	B02	Miseq_105	149	HUEDQ0570_GATAD2B
HUPFP0092A1	C01	Miseq_119	219	HUEDQ0600_GATAD2B
HUPFP0092A1	C02	Miseq_105	151	HUEDQ0570_GATAD2B
HUPFP0092A1	D04	Miseq_105	242	HUEDQ0572_GATAD2B
HUPFP0092A1	D08	Miseq_105	361	HUEDQ0573_GATAD2B
HUPFP0092A1	E02	Miseq_105	153	HUEDQ0570_GATAD2B
HUPFP0092A1	E03	Miseq_105	362	HUEDQ0573_GATAD2B
HUPFP0092A1	G06	Miseq_105	59	HUEDQ0574_GATAD2B
HUPFP0092A1	H11	Miseq_105	154	HUEDQ0570_GATAD2B
HUPFP0092A2	A02	Miseq_113	162	HUEDQ0585_NSD1
HUPFP0092A2	A10	Miseq_113	163	HUEDQ0585_NSD1
HUPFP0092A2	B02	Miseq_113	164	HUEDQ0585_NSD1
HUPFP0092A2	B08	Miseq_113	165	HUEDQ0585_NSD1
HUPFP0092A2	C03	Miseq_113	166	HUEDQ0585_NSD1
HUPFP0092A2	C07	Miseq_113	167	HUEDQ0585_NSD1
HUPFP0092A2	H02	Miseq_113	168	HUEDQ0585_NSD1
HUPFP0092A3	A01	Miseq_105	155	HUEDQ0570_KMT2E
HUPFP0092A3	A03	Miseq_105	156	HUEDQ0570_KMT2E
HUPFP0092A3	A04	Miseq_105	157	HUEDQ0570_KMT2E
HUPFP0092A3	C02	Miseq_105	158	HUEDQ0570_KMT2E
HUPFP0092A3	D01	Miseq_105	161	HUEDQ0570_KMT2E
HUPFP0092A3	D04	Miseq_105	257	HUEDQ0572_KMT2E
HUPFP0092A3	E02	Miseq_105	162	HUEDQ0570_KMT2E
HUPFP0092A3	E04	Miseq_105	258	HUEDQ0572_KMT2E
HUPFP0092A3	F01	Miseq_105	159	HUEDQ0570_KMT2E
HUPFP0092A3	F03	Miseq_105	160	HUEDQ0570_KMT2E
HUPFP0092A3	F04	Miseq_105	259	HUEDQ0572_KMT2E
HUPFP0092A3	H01	Miseq_105	163	HUEDQ0570_KMT2E
HUPFP0092A4	A01	Miseq_119	211	HUEDQ0600_CHD3
HUPFP0092A4	B04	Miseq_105	252	HUEDQ0572_CHD3
HUPFP0092A4	B08	Miseq_107	183	HUEDQ0575_CHD3
HUPFP0092A4	D02	Miseq_105	173	HUEDQ0571_CHD3
HUPFP0092A4	D09	Miseq_105	253	HUEDQ0572_CHD3
HUPFP0092A4	E02	Miseq_105	174	HUEDQ0571_CHD3
HUPFP0092A4	E04	Miseq_105	254	HUEDQ0572_CHD3
HUPFP0092A4	F01	Miseq_105	175	HUEDQ0571_CHD3
HUPFP0092A4	G01	Miseq_105	255	HUEDQ0572_CHD3
HUPFP0092A4	G02	Miseq_105	176	HUEDQ0571_CHD3
HUPFP0092A4	G03	Miseq_105	256	HUEDQ0572_CHD3
HUPFP0092A4	H01	Miseq_105	177	HUEDQ0571_CHD3
HUPFP0092A5	A06	Miseq_108	169	HUEDQ0576_SETD2
HUPFP0092A5	A07	Miseq_108	170	HUEDQ0576_SETD2
HUPFP0092A5	B09	Miseq_108	171	HUEDQ0576_SETD2
HUPFP0092A5	C01	Miseq_108	172	HUEDQ0576_SETD2
HUPFP0092A5	D07	Miseq_108	173	HUEDQ0576_SETD2
HUPFP0092A5	F05	Miseq_108	174	HUEDQ0576_SETD2
HUPFP0092A5	F06	Miseq_108	175	HUEDQ0576_SETD2
HUPFP0092B5	F06	Miseq_108	176	HUEDQ0576_SETD2
HUPFP0092B5	G05	Miseq_108	229	HUEDQ0577_SETD2
HUPFP0093A2	A03	Miseq_105	364	HUEDQ0573_AHDC1
HUPFP0093A2	A04	Miseq_105	60	HUEDQ0574_AHDC1
HUPFP0093A2	A07	Miseq_105	365	HUEDQ0573_AHDC1
HUPFP0093A2	B01	Miseq_105	169	HUEDQ0571_AHDC1
HUPFP0093A2	B03	Miseq_105	170	HUEDQ0571_AHDC1
HUPFP0093A2	C04	Miseq_105	366	HUEDQ0573_AHDC1
HUPFP0093A2	D05	Miseq_105	367	HUEDQ0573_AHDC1
HUPFP0093A2	D08	Miseq_111	147	HUEDQ0573B_AHDC1
HUPFP0093A2	E10	Miseq_111	148	HUEDQ0573B_AHDC1
HUPFP0093A2	E11	Miseq_111	355	HUEDQ0582_AHDC1
HUPFP0093A2	F03	Miseq_107	181	HUEDQ0575_AHDC1
HUPFP0093A2	G07	Miseq_105	171	HUEDQ0571_AHDC1
HUPFP0093A2	G09	Miseq_105	370	HUEDQ0573_AHDC1
HUPFP0093A2	H05	Miseq_111	356	HUEDQ0582_AHDC1
HUPFP0093A2	H10	Miseq_111	357	HUEDQ0582_AHDC1
HUPFP0093A3	A04	Miseq_107	170	HUEDQ0575_KPTN
HUPFP0093A3	A05	Miseq_108	230	HUEDQ0577_KPTN
HUPFP0093A3	A09	Miseq_107	171	HUEDQ0575_KPTN
HUPFP0093A3	A10	Miseq_108	231	HUEDQ0577_KPTN
HUPFP0093A3	B07	Miseq_108	227	HUEDQ0577_KPTN
HUPFP0093A3	C02	Miseq_108	232	HUEDQ0577_KPTN
HUPFP0093A3	C03	Miseq_108	222	HUEDQ0577_KPTN
HUPFP0093A3	C07	Miseq_108	228	HUEDQ0577_KPTN
HUPFP0093A3	C10	Miseq_108	223	HUEDQ0577_KPTN
HUPFP0093A3	C12	Miseq_107	172	HUEDQ0575_KPTN
HUPFP0093A3	D02	Miseq_107	173	HUEDQ0575_KPTN
HUPFP0093A3	D07	Miseq_108	186	HUEDQ0576_KPTN
HUPFP0093A3	F06	Miseq_107	174	HUEDQ0575_KPTN
HUPFP0093A3	F07	Miseq_111	122	HUEDQ0581_KPTN
HUPFP0093A3	H09	Miseq_111	123	HUEDQ0581_KPTN
HUPFP0093A4	A03	Miseq_108	177	HUEDQ0576_SATB2
HUPFP0093A4	A08	Miseq_105	164	HUEDQ0570_SATB2
HUPFP0093A4	B02	Miseq_105	165	HUEDQ0570_SATB2
HUPFP0093A4	B06	Miseq_107	179	HUEDQ0575_SATB2
HUPFP0093A4	C08	Miseq_105	166	HUEDQ0570_SATB2
HUPFP0093A4	E03	Miseq_105	167	HUEDQ0570_SATB2
HUPFP0093A4	F01	Miseq_107	180	HUEDQ0575_SATB2
HUPFP0093A4	F09	Miseq_108	178	HUEDQ0576_SATB2
HUPFP0093A4	G03	Miseq_105	168	HUEDQ0570_SATB2
HUPFP0093A4	G09	Miseq_105	243	HUEDQ0572_SATB2
HUPFP0093A4	G12	Miseq_105	244	HUEDQ0572_SATB2
HUPFP0093B3	A02	Miseq_107	169	HUEDQ0575_KPTN
HUPFP0093B3	A08	Miseq_111	121	HUEDQ0581_KPTN
HUPFP0093B3	B11	Miseq_108	185	HUEDQ0576_KPTN
HUPFP0093B4	G01	Miseq_108	179	HUEDQ0576_SATB2
HUPFP0094A1	A11	Miseq_115	132	HUEDQ0587_ASXL3
HUPFP0094A1	B12	Miseq_115	100	HUEDQ0587_ASXL3
HUPFP0094A1	E03	Miseq_115	108	HUEDQ0587_ASXL3
HUPFP0094A1	E11	Miseq_115	116	HUEDQ0587_ASXL3
HUPFP0094A1	H01	Miseq_115	124	HUEDQ0587_ASXL3
HUPFP0094A2	C01	Miseq_113	169	HUEDQ0585_NSD1
HUPFP0094A2	E10	Miseq_113	170	HUEDQ0585_NSD1
HUPFP0094A2	H09	Miseq_113	171	HUEDQ0585_NSD1
HUPFP0094A3	E01	Miseq_115	102	HUEDQ0587_SETD1B
HUPFP0094A4	A12	Miseq_116	339	HUEDQ0588_ZMYND11
HUPFP0094A4	H12	Miseq_116	331	HUEDQ0588_ZMYND11
HUPFP0094B2	C12	Miseq_114	41	HUEDQ0586_NSD1_plate2
HUPFP0094B2	E02	Miseq_114	33	HUEDQ0586_NSD1_plate2
HUPFP0095A2	A01	Miseq_114	1	HUEDQ0586_LGR6
HUPFP0095A2	A05	Miseq_114	9	HUEDQ0586_LGR6
HUPFP0095A2	A09	Miseq_114	17	HUEDQ0586_LGR6
HUPFP0095A2	D02	Miseq_114	25	HUEDQ0586_LGR6
HUPFP0097A2	B06	Miseq_119	132	HUEDQ0601_WRN
HUPFP0097A2	F05	Miseq_119	124	HUEDQ0601_WRN
HUPFP0097A2	H04	Miseq_119	116	HUEDQ0601_WRN
HUPFP0097A7	C11	Miseq_119	244	HUEDQ0602_WRN
HUPFP0097A7	D01	Miseq_119	212	HUEDQ0602_WRN
HUPFP0097A7	D06	Miseq_119	236	HUEDQ0602_WRN
HUPFP0097A7	D12	Miseq_119	260	HUEDQ0602_WRN
HUPFP0097A7	F02	Miseq_119	220	HUEDQ0602_WRN
HUPFP0097A7	F11	Miseq_119	252	HUEDQ0602_WRN
HUPFP0097A7	H02	Miseq_119	268	HUEDQ0602_WRN
HUPFP0097A7	H03	Miseq_119	228	HUEDQ0602_WRN
HUPFP0100A1	A11	Miseq_122	337	HUEDQ0608_ARID1A
HUPFP0100A1	B02	Miseq_122	345	HUEDQ0608_ARID1A
HUPFP0100A1	B06	Miseq_122	313	HUEDQ0608_ARID1A
HUPFP0100A1	C03	Miseq_122	369	HUEDQ0608_ARID1A
HUPFP0100A1	C07	Miseq_122	353	HUEDQ0608_ARID1A
HUPFP0100A1	C09	Miseq_122	305	HUEDQ0608_ARID1A
HUPFP0100A1	D07	Miseq_122	321	HUEDQ0608_ARID1A
HUPFP0100A1	E03	Miseq_122	377	HUEDQ0608_ARID1A
HUPFP0100A1	E10	Miseq_122	289	HUEDQ0608_ARID1A
HUPFP0100A1	G11	Miseq_122	361	HUEDQ0608_ARID1A
HUPFP0100A1	H04	Miseq_122	297	HUEDQ0608_ARID1A
HUPFP0100A1	H08	Miseq_122	329	HUEDQ0608_ARID1A
HUPFP0100A2	B02	Miseq_122	335	HUEDQ0606_BCL11A
HUPFP0100A2	D01	Miseq_122	327	HUEDQ0606_BCL11A
HUPFP0100A5	A06	MiSEQ_123	123	HUEDQ0610_WAC
HUPFP0100A5	A10	MiSEQ_123	129	HUEDQ0610_WAC
HUPFP0100A5	B03	MiSEQ_123	130	HUEDQ0610_WAC
HUPFP0100A5	C01	MiSEQ_123	124	HUEDQ0610_WAC
HUPFP0100A5	C02	MiSEQ_123	125	HUEDQ0610_WAC
HUPFP0100A5	C09	MiSEQ_123	131	HUEDQ0610_WAC
HUPFP0100A5	D10	MiSEQ_123	132	HUEDQ0610_WAC
HUPFP0100A5	D11	MiSEQ_123	133	HUEDQ0610_WAC
HUPFP0100A5	E05	MiSEQ_123	134	HUEDQ0610_WAC
HUPFP0100A5	E07	MiSEQ_123	126	HUEDQ0610_WAC
HUPFP0100A5	H05	MiSEQ_123	127	HUEDQ0610_WAC
HUPFP0100A5	H07	MiSEQ_123	128	HUEDQ0610_WAC
HUPFP0100A8	A12	Miseq_122	320	HUEDQ0604_ADNP
HUPFP0100A8	B05	Miseq_122	319	HUEDQ0604_ADNP
HUPFP0100A8	B07	Miseq_122	336	HUEDQ0604_ADNP
HUPFP0100A8	C01	Miseq_122	312	HUEDQ0604_ADNP
HUPFP0100A8	E01	Miseq_122	328	HUEDQ0604_ADNP
HUPFP0100A8	E03	Miseq_122	343	HUEDQ0604_ADNP
HUPFP0100A8	E10	Miseq_122	327	HUEDQ0604_ADNP
HUPFP0100A8	F07	Miseq_122	303	HUEDQ0604_ADNP
HUPFP0100A8	F10	Miseq_122	335	HUEDQ0604_ADNP
HUPFP0100A8	G03	Miseq_122	304	HUEDQ0604_ADNP
HUPFP0100B2	B08	Miseq_122	328	HUEDQ0606_BCL11A
HUPFP0100B2	C05	Miseq_122	303	HUEDQ0606_BCL11A
HUPFP0100B2	C07	Miseq_122	311	HUEDQ0606_BCL11A
HUPFP0100B2	C10	Miseq_122	304	HUEDQ0606_BCL11A
HUPFP0100B2	G04	Miseq_122	320	HUEDQ0606_BCL11A
HUPFP0100B2	H04	Miseq_122	312	HUEDQ0606_BCL11A
HUPFP0100B2	H08	Miseq_122	319	HUEDQ0606_BCL11A
HUPFP0100B8	C09	MiSEQ_123	300	HUEDQ0614_ADNP
HUPFP0100B8	C10	Miseq_122	311	HUEDQ0604_ADNP
HUPFP0100B8	E04	MiSEQ_123	316	HUEDQ0614_ADNP
HUPFP0100B8	G05	MiSEQ_123	308	HUEDQ0614_ADNP
HUPFP0101A7	A02	MiSEQ_123	323	HUEDQ0614_SETD1B
HUPFP0101A7	A04	MiSEQ_123	339	HUEDQ0614_SETD1B
HUPFP0101A7	A12	MiSEQ_123	307	HUEDQ0614_SETD1B
HUPFP0101A7	B01	MiSEQ_123	298	HUEDQ0614_SETD1B
HUPFP0101A7	B11	MiSEQ_123	306	HUEDQ0614_SETD1B
HUPFP0101A7	C01	MiSEQ_123	314	HUEDQ0614_SETD1B
HUPFP0101A7	E11	MiSEQ_123	315	HUEDQ0614_SETD1B
HUPFP0101A7	H02	MiSEQ_123	331	HUEDQ0614_SETD1B
HUPFP0101A7	H06	MiSEQ_123	299	HUEDQ0614_SETD1B
HUPFP0101B7	B06	MiSEQ_123	330	HUEDQ0614_SETD1B
HUPFP0101B7	E04	MiSEQ_123	322	HUEDQ0614_SETD1B
HUPFP0102A12	A02	MiSEQ_123	205	HUEDQ0611_PHF6
HUPFP0102A12	A08	MiSEQ_123	213	HUEDQ0611_PHF6
HUPFP0102A12	A11	MiSEQ_123	221	HUEDQ0611_PHF6
HUPFP0102A12	C02	MiSEQ_123	229	HUEDQ0611_PHF6
HUPFP0102A12	C09	MiSEQ_123	237	HUEDQ0611_PHF6
HUPFP0102A12	C10	MiSEQ_123	206	HUEDQ0611_PHF6
HUPFP0102A12	D01	MiSEQ_123	214	HUEDQ0611_PHF6
HUPFP0102A12	E01	MiSEQ_123	222	HUEDQ0611_PHF6
HUPFP0102A12	G12	MiSEQ_123	238	HUEDQ0611_PHF6
HUPFP0102A5	A04	MiSEQ_123	202	HUEDQ0613_ARID1B
HUPFP0102A5	B07	MiSEQ_123	243	HUEDQ0613_ARID1B
HUPFP0102A5	B10	MiSEQ_123	227	HUEDQ0613_ARID1B
HUPFP0102A5	C02	MiSEQ_123	234	HUEDQ0613_ARID1B
HUPFP0102A5	C03	MiSEQ_123	235	HUEDQ0613_ARID1B
HUPFP0102A5	C07	MiSEQ_123	218	HUEDQ0613_ARID1B
HUPFP0102A5	C11	MiSEQ_123	219	HUEDQ0613_ARID1B
HUPFP0102A5	C12	MiSEQ_123	242	HUEDQ0613_ARID1B
HUPFP0102A5	D10	MiSEQ_123	203	HUEDQ0613_ARID1B
HUPFP0102A5	E06	MiSEQ_123	211	HUEDQ0613_ARID1B
HUPFP0102A5	G08	MiSEQ_123	210	HUEDQ0613_ARID1B
HUPFP0102A5	H09	MiSEQ_123	226	HUEDQ0613_ARID1B
HUPFP0102A7	A01	Miseq_122	183	HUEDQ0607_FOXP1
HUPFP0102A7	A02	Miseq_122	177	HUEDQ0607_FOXP1
HUPFP0102A7	B01	Miseq_122	184	HUEDQ0607_FOXP1
HUPFP0102A7	B03	Miseq_122	185	HUEDQ0607_FOXP1
HUPFP0102A7	B07	Miseq_122	186	HUEDQ0607_FOXP1
HUPFP0102A7	D01	Miseq_122	178	HUEDQ0607_FOXP1
HUPFP0102A7	D11	Miseq_122	179	HUEDQ0607_FOXP1
HUPFP0102A7	E09	Miseq_122	180	HUEDQ0607_FOXP1
HUPFP0102A7	E11	Miseq_122	187	HUEDQ0607_FOXP1
HUPFP0102A7	F01	Miseq_122	188	HUEDQ0607_FOXP1
HUPFP0102A7	F09	Miseq_122	181	HUEDQ0607_FOXP1
HUPFP0102A7	G11	Miseq_122	182	HUEDQ0607_FOXP1
HUPFP0102A8	A01	MiSEQ_123	106	HUEDQ0610_KANSL1
HUPFP0102A8	A12	MiSEQ_123	100	HUEDQ0610_KANSL1
HUPFP0102A8	B02	MiSEQ_123	101	HUEDQ0610_KANSL1
HUPFP0102A8	B11	MiSEQ_123	102	HUEDQ0610_KANSL1
HUPFP0102A8	C09	MiSEQ_123	107	HUEDQ0610_KANSL1
HUPFP0102A8	G02	MiSEQ_123	103	HUEDQ0610_KANSL1
HUPFP0102A8	H01	MiSEQ_123	104	HUEDQ0610_KANSL1
HUPFP0102A8	H04	MiSEQ_123	108	HUEDQ0610_KANSL1
HUPFP0102A8	H12	MiSEQ_123	105	HUEDQ0610_KANSL1
HUPFP0102A9	A01	MiSEQ_123	177	HUEDQ0612_KMT2B
HUPFP0102A9	A08	MiSEQ_123	178	HUEDQ0612_KMT2B
HUPFP0102A9	B06	MiSEQ_123	179	HUEDQ0612_KMT2B
HUPFP0102A9	B07	MiSEQ_123	183	HUEDQ0612_KMT2B
HUPFP0102A9	D07	MiSEQ_123	184	HUEDQ0612_KMT2B
HUPFP0102A9	E01	MiSEQ_123	180	HUEDQ0612_KMT2B
HUPFP0102A9	E10	MiSEQ_123	185	HUEDQ0612_KMT2B
HUPFP0102A9	E11	MiSEQ_123	186	HUEDQ0612_KMT2B
HUPFP0102A9	F08	MiSEQ_123	187	HUEDQ0612_KMT2B
HUPFP0102A9	F12	MiSEQ_123	181	HUEDQ0612_KMT2B
HUPFP0102A9	H01	MiSEQ_123	188	HUEDQ0612_KMT2B
HUPFP0102A9	H12	MiSEQ_123	182	HUEDQ0612_KMT2B
HUPFP0102B14	A02	MiSEQ_123	112	HUEDQ0610_SETD5
HUPFP0102B14	A07	MiSEQ_123	113	HUEDQ0610_SETD5
HUPFP0102B14	B05	MiSEQ_123	114	HUEDQ0610_SETD5
HUPFP0102B14	B12	MiSEQ_123	115	HUEDQ0610_SETD5
HUPFP0102B14	C10	MiSEQ_123	118	HUEDQ0610_SETD5
HUPFP0102B14	D04	MiSEQ_123	119	HUEDQ0610_SETD5
HUPFP0102B14	D05	MiSEQ_123	120	HUEDQ0610_SETD5
HUPFP0102B14	E07	MiSEQ_123	116	HUEDQ0610_SETD5
HUPFP0102B14	F03	MiSEQ_123	117	HUEDQ0610_SETD5
HUPFP0102B14	G03	MiSEQ_123	121	HUEDQ0610_SETD5
HUPFP0102B14	G04	MiSEQ_123	122	HUEDQ0610_SETD5
HUPFP0102B8	C09	MiSEQ_123	109	HUEDQ0610_KANSL1
HUPFP0102B8	E09	MiSEQ_123	110	HUEDQ0610_KANSL1
HUPFP0102B8	F11	MiSEQ_123	111	HUEDQ0610_KANSL1
HUPFP0105A1	A01	Miseq_122	124	HUEDQ0609_ANKRD11
HUPFP0105A1	A11	Miseq_122	132	HUEDQ0609_ANKRD11
HUPFP0105A1	A12	Miseq_122	123	HUEDQ0609_ANKRD11
HUPFP0105A1	B06	Miseq_122	131	HUEDQ0609_ANKRD11
HUPFP0105A1	C09	Miseq_122	139	HUEDQ0609_ANKRD11
HUPFP0105A1	D02	Miseq_122	140	HUEDQ0609_ANKRD11
HUPFP0105A1	D07	Miseq_122	148	HUEDQ0609_ANKRD11
HUPFP0105A1	F02	Miseq_122	147	HUEDQ0609_ANKRD11
HUPFP0105A1	F06	Miseq_122	155	HUEDQ0609_ANKRD11
HUPFP0105A1	H01	Miseq_122	163	HUEDQ0609_ANKRD11
HUPFP0105B1	G10	Miseq_122	156	HUEDQ0609_ANKRD11
HUPFP0105B1	H05	Miseq_122	164	HUEDQ0609_ANKRD11
HUPFP0106A2	F06	MiSEQ_123	140	HUEDQ0610_SIN3A
HUPFP0106B2	A02	MiSEQ_123	135	HUEDQ0610_SIN3A
HUPFP0106B2	A03	MiSEQ_123	215	HUEDQ0611_SIN3A
HUPFP0106B2	A05	MiSEQ_123	141	HUEDQ0610_SIN3A
HUPFP0106B2	A07	MiSEQ_123	136	HUEDQ0610_SIN3A
HUPFP0106B2	A11	MiSEQ_123	207	HUEDQ0611_SIN3A
HUPFP0106B2	D01	MiSEQ_123	137	HUEDQ0610_SIN3A
HUPFP0106B2	E10	MiSEQ_123	139	HUEDQ0610_SIN3A
HUPFP0106B2	G01	MiSEQ_123	142	HUEDQ0610_SIN3A
HUPFP0106B2	H04	MiSEQ_123	138	HUEDQ0610_SIN3A
HUPFPPlate1	C04	Miseq_009_2ndQC	17	HUEDQ0501_ZMYND11_1
HUPFPPlate1	E02	Miseq_005	90	ZMYND11_1_K
HUPFPPlate1	F01	Miseq_009_2ndQC	1	HUEDQ0501_ZMYND11_1
HUPFPPlate1	G02	Miseq_023	191	HUEDQ0513_ZMYND11_1
HUPFPPlate1	G03	Miseq_023	192	HUEDQ0513_ZMYND11_1
HUPFPPlate1	G04	Miseq_009_2ndQC	33	HUEDQ0501_ZMYND11_1
HUPFPPlate1	H01	Miseq_009_2ndQC	25	HUEDQ0501_ZMYND11_1
HUPFPPlate1	H05	Miseq_009_2ndQC	9	HUEDQ0501_ZMYND11_1
HUPFPPlate10	A05	Miseq_018	119	HUEDQ0507_KMT2C_1
HUPFPPlate10	C03	Miseq_018	118	HUEDQ0507_KMT2C_1
HUPFPPlate10	D03	Miseq_018	117	HUEDQ0507_KMT2C_1
HUPFPPlate10	F06	Miseq_017	107	HUEDQ0506_KMT2C_2
HUPFPPlate10	G06	Miseq_017	108	HUEDQ0506_KMT2C_2
HUPFPPlate10B	B03	Miseq_015	100	HUPEPD0503_KMT2A_1
HUPFPPlate10B	B04	Miseq_023	188	HUEDQ0513_KMT2A_1
HUPFPPlate10B	B07	Miseq_015	98	HUPEPD0503_KMT2A_1
HUPFPPlate10B	D11	Miseq_009_2ndQC	41	KMT2A_single
HUPFPPlate10B	F08	Miseq_015	99	HUPEPD0503_KMT2A_1
HUPFPPlate10B	G11	Miseq_009_2ndQC	49	KMT2A_single
HUPFPPlate10B	H09	Miseq_015	97	HUPEPD0503_KMT2A_1
HUPFPPlate14	A01	Miseq_014	170	HUEDQ0502_SETD1A_1
HUPFPPlate14	A05	Miseq_014	162	HUEDQ0502_SETD1A_1
HUPFPPlate14	A11	Miseq_016	118	HUEDQ0505_SETD1A_2
HUPFPPlate14	B01	Miseq_014	178	HUEDQ0502_SETD1A_1
HUPFPPlate14	C02	Miseq_014	186	HUEDQ0502_SETD1A_1
HUPFPPlate3	C07	Miseq_009_2ndQC	2	HUEDQ0501_SETD1B_2
HUPFPPlate3	G03	Miseq_009_2ndQC	81	HUEDQ0501_KPTN_1
HUPFPPlate3B	A01	Miseq_014	105	HUEDQ0502_KPTN_1
HUPFPPlate3B	A12	Miseq_014	129	HUEDQ0502_KPTN_1
HUPFPPlate3B	B01	Miseq_018	167	HUEDQ0509_KPTN_1
HUPFPPlate3B	B02	Miseq_014	121	HUEDQ0502_KPTN_1
HUPFPPlate3B	C07	Miseq_018	166	HUEDQ0509_KPTN_1
HUPFPPlate3B	D06	Miseq_014	97	HUEDQ0502_KPTN_1
HUPFPPlate3B	D07	Miseq_014	137	HUEDQ0502_KPTN_1
HUPFPPlate3B	E10	Miseq_021	142	HUEDQ0511_KPTN_1
HUPFPPlate3B	F04	Miseq_014	113	HUEDQ0502_KPTN_1
HUPFPPlate3B	F09	Miseq_021	143	HUEDQ0511_KPTN_1
HUPFPPlate3B	G05	Miseq_018	168	HUEDQ0509_KPTN_1
HUPFPPlate3B	H03	Miseq_021	141	HUEDQ0511_KPTN_1
HUPFPPlate3C	A01	Miseq_018	103	HUEDQ0507_SETD1B_2
HUPFPPlate3C	A02	Miseq_018	105	HUEDQ0507_SETD1B_2
HUPFPPlate3C	B07	Miseq_018	104	HUEDQ0507_SETD1B_2
HUPFPPlate3C	H06	Miseq_018	106	HUEDQ0507_SETD1B_2
HUPFPPlate4	A03	Miseq_009_2ndQC	89	HUEDQ0501_ASXL3_2
HUPFPPlate4	A04	Miseq_005	82	ASXL3_2_J
HUPFPPlate4	B09	Miseq_005	58	KMT2E_1_I
HUPFPPlate4	C10	Miseq_005	42	KMT2E_1_I
HUPFPPlate4	E07	Miseq_005	50	KMT2E_1_I
HUPFPPlate4	E11	Miseq_005	66	KMT2E_1_I
HUPFPPlate4	G10	Miseq_005	26	KMT2E_1_I
HUPFPPlate4	G12	Miseq_005	34	KMT2E_1_I
HUPFPPlate4	H04	Miseq_009_2ndQC	10	HUEDQ0501_ASXL3_2
HUPFPPlate4B	C03	Miseq_015	140	HUPEPD0504_ASXL3_2
HUPFPPlate4B	F12	Miseq_015	139	HUPEPD0504_ASXL3_2
HUPFPPlate4B	H08	Miseq_015	138	HUPEPD0504_ASXL3_2
HUPFPPlate5	A04	Miseq_005	10	KMT2B_1_H
HUPFPPlate5	B11	Miseq_014	98	HUEDQ0502_KMT2B_2_FL
HUPFPPlate5	C12	Miseq_014	106	HUEDQ0502_KMT2B_2_FL
HUPFPPlate5	E09	Miseq_014	185	HUEDQ0502_KMT2B_2_FL
HUPFPPlate5	F02	Miseq_005	89	KMT2B_1_H
HUPFPPlate5	G02	Miseq_005	2	KMT2B_1_H
HUPFPPlate5	H01	Miseq_005	18	KMT2B_1_H
HUPFPPlate5B	A05	Miseq_016	134	HUEDQ0503_B
HUPFPPlate5B	A09	Miseq_016	135	HUEDQ0503_B
HUPFPPlate5B	B09	Miseq_016	133	HUEDQ0503_B
HUPFPPlate5B	C07	Miseq_016	136	HUEDQ0503_B
HUPFPPlate5B	C10	Miseq_016	132	HUEDQ0503_B
HUPFPPlate5B	F10	Miseq_018	144	HUEDQ0508_KMT2B_1
HUPFPPlate6	A09	Miseq_005	25	ARID1B_2_E
HUPFPPlate6	B07	Miseq_005	17	ARID1B_2_E
HUPFPPlate6	E04	Miseq_005	33	ARID1B_1_F
HUPFPPlate6	E07	Miseq_005	1	ARID1B_2_E
HUPFPPlate6	H12	Miseq_005	9	ARID1B_2_E
HUPFPPlate7	B03	Miseq_005	65	BCL11A1_1_G
HUPFPPlate7	E05	Miseq_005	73	BCL11A1_1_G
HUPFPPlate7	F05	Miseq_005	41	BCL11A1_1_G
HUPFPPlate7	H01	Miseq_005	81	BCL11A1_1_G
HUPFPPlate7	H04	Miseq_005	49	BCL11A1_1_G
HUPFPPlate7B	G05	Miseq_016	118	HUEDQ0506_BCL11A1_1
HUPFPPlate7B	H01	Miseq_016	117	HUEDQ0506_BCL11A1_1
HUPFPPlate8	A02	Miseq_016	114	HUEDQ0505_ARID1A_2
HUPFPPlate8	A11	Miseq_018	121	HUEDQ0508_ARID1A_2
HUPFPPlate8	A12	Miseq_018	122	HUEDQ0508_ARID1A_2
HUPFPPlate8	D04	Miseq_016	115	HUEDQ0505_ARID1A_2
HUPFPPlate8	F09	Miseq_016	113	HUEDQ0505_ARID1A_2
HUPFPPlate8	H12	Miseq_018	123	HUEDQ0508_ARID1A_2
MEIS1_1_FPDM2	A01	Miseq_016	104	HUEDQ0506_MEIS1_1
MEIS1_1_FPDM2	A03	Miseq_016	102	HUEDQ0506_MEIS1_1
MEIS1_1_FPDM2	B03	Miseq_016	101	HUEDQ0506_MEIS1_1
MEIS1_1_FPDM2	D05	Miseq_016	103	HUEDQ0506_MEIS1_1
PDX1_1_FPDM2	A11	Miseq_015	120	HUPEPD0503_PDX1_1
PDX1_1_FPDM2	C05	Miseq_018	102	HUEDQ0507_PDX1_1
PDX1_1_FPDM2	E09	Miseq_015	116	HUPEPD0503_PDX1_1
PDX1_1_FPDM2	G06	Miseq_015	117	HUPEPD0503_PDX1_1
PDX1_1_FPDM2	G10	Miseq_015	118	HUPEPD0503_PDX1_1
PDX1_1_FPDM2	H04	Miseq_015	119	HUPEPD0503_PDX1_1
HUPFP0068A3	B01	Miseq_100	183	HUEDQ0563_KAT6A_1
HUPFP0018_1	B01	Miseq_019	169	HUEDQ0510_ANKRD11_1
HUPFP0102A12	G07	MiSEQ_123	230	HUEDQ0611_PHF6
HUPFPPlate7	C05	Miseq_005	8	BCL11A1_1_G
