fp_plate	fp_well	piq_plate	piq_well	miseq_plate	miseq_well	miseq_experiment_name	notes		
HUPFP0021_14	B01	HUEDQ0509	C03	Miseq_018	163				
HUPFP0021_14	G11	HUEDQ0506	H02	Miseq_016	112				
HUPFP0021_14	A02	HUEDQ0509	B03	Miseq_018	162				
HUPFP0021_14	A01	HUEDQ0506	B03	Miseq_016	114				
HUPFP0021_14	C03	HUEDQ0509	D03	Miseq_018	164				
HUPFP0021_14	F01	HUEDQ0506	A03	Miseq_016	113				
HUPFP0023_3	H05	HUEDQ0511	C03	Miseq_021	139				
HUPFP0023_3	A02	HUEDQ0511	D03	Miseq_021	140				
HUPFP0029_7	A07	HUEDQ0518	D03	Miseq_028	164				
HUPFP0029_7	E01	HUEDQ0518	E03	Miseq_028	165				
HUPFP0029_7	A09	HUEDQ0517	A01	Miseq_028	121				
HUPFP0029_7	B03	HUEDQ0517	D01	Miseq_028	124				
HUPFP0029_7	A08	HUEDQ0517	B01	Miseq_028	122				
HUPFP0029_7	B01	HUEDQ0517	C01	Miseq_028	123				
HUPFP0067A5	A03	HUEDQ0560	E08	Miseq_094	157				
HUPFP0067A5	A04	HUEDQ0560	F08	Miseq_094	158				
HUPFP0067A5	A06	HUEDQ0561	A10	Miseq_097	169				
HUPFP0067A5	A11	HUEDQ0560	G08	Miseq_094	159				
HUPFP0028_15	B02	HUEDQ0519	A02	Miseq_030	177		I couldn't find B02 or B06 on any of the HUEDQ cards, when I looked at the freeze plate HUPFP0028_15 it is split into 2 (first half of the plate was HUPFP0028_14 second half _15 so HUPFP0028_15_B02 and A06 doesn't exist. If you shift the plate to the second half of the plate then the locations are correct for B08 and A12		
HUPFP0028_15	A06	HUEDQ0519	B02	Miseq_030	178		I couldn't find B02 or B06 on any of the HUEDQ cards, when I looked at the freeze plate HUPFP0028_15 it is split into 2 (first half of the plate was HUPFP0028_14 second half _15 so HUPFP0028_15_B02 and A06 doesn't exist. If you shift the plate to the second half of the plate then the locations are correct for B08 and A12		
HUPFP0068B8	B08	HUEDQ0563	A11	Miseq_100	177				
HUPFP0072A8	F06	HUEDQ0563	A10	Miseq_100	169				
HUPFP0072A8	C07	HUEDQ0562	B03	Miseq_099	18				
HUPFP0029_14_15	H02	HUEDQ0517	H01	Miseq_028	128				
HUPFP0029_14_15	A01	HUEDQ0517	F01	Miseq_028	126				
HUPFP0029_14_15	E04	HUEDQ0517	G01	Miseq_028	127				
HUPFP0029_14_15	A10	HUEDQ0517	E01	Miseq_028	129		Different clone on HUEDQ0517 should be KAT6A D04. Can't find A10 on any other HUEDQ plates		
HUPFP0067A2	H01	HUEDQ0558	F09	Miseq_092	166				
HUPFP0067A2	B02	HUEDQ0558	B09	Miseq_092	162				
HUPFP0067A2	D04	HUEDQ0558	D09	Miseq_092	164				
HUPFP0067A2	A05	HUEDQ0558	G08	Miseq_092	159				
HUPFP0067A2	A07	HUEDQ0559	D08	Miseq_093	156		Wrong clones on HUEDQ plate should be;		C03
HUPFP0067A2	B07	HUEDQ0559	E08	Miseq_093	157				D06
HUPFP0067A2	C07	HUEDQ0559	F08	Miseq_093	158				C10
HUPFP0067A2	D07	HUEDQ0559	G08	Miseq_093	159				D07
HUPFP0067A2	A09	HUEDQ0558	H08	Miseq_092	160				
HUPFP0067A2	B11	HUEDQ0558	C09	Miseq_092	163				
HUPFP0067A2	G11	HUEDQ0558	E09	Miseq_092	165				
HUPFP0067A2	A12	HUEDQ0558	A09	Miseq_092	161				
HUPFP0036_2	D02	HUEDQ0527	H02	Miseq_040	184				
HUPFP0036_2	D07	HUEDQ0527	G02	Miseq_040	183				
HUPFP0026_1	A01	HUEDQ0513	C01	Miseq_023	171				
HUPFP0026_1	D01	HUEDQ0516	A03	Miseq_027	113				
HUPFP0026_1	F01	HUEDQ0516	F02	Miseq_027	110				
HUPFP0026_1	H01	HUEDQ0519	H01	Miseq_030	176				
HUPFP0026_1	B03	HUEDQ0513	A01	Miseq_023	169				
HUPFP0026_1	F03	HUEDQ0516	B03	Miseq_027	114				
HUPFP0026_1	G03	HUEDQ0519	F01	Miseq_030	174				
HUPFP0026_1	H03	HUEDQ0515	B02				None of the clones seem to appear (or should appear) on HUEDQ0515 and I can't find where these clones are??		
HUPFP0026_1	E04	HUEDQ0513	D01	Miseq_023	172				
HUPFP0026_1	G04	HUEDQ0519	G01	Miseq_030	175				
HUPFP0026_1	D05	HUEDQ0513	B01	Miseq_023	170				
HUPFP0026_1	B06	HUEDQ0519	E01	Miseq_030	173				
HUPFP0026_1	D07	HUEDQ0517	F02				None of the clones seem to appear (or should appear) on HUEDQ0515 and I can't find where these clones are??		
HUPFP0026_1	E07	HUEDQ0515	G01				None of the clones seem to appear (or should appear) on HUEDQ0515 and I can't find where these clones are??		
HUPFP0026_1	H07	HUEDQ0516	G02	Miseq_027	111				
HUPFP0026_1	E08	HUEDQ0515	C02				None of the clones seem to appear (or should appear) on HUEDQ0515 and I can't find where these clones are??		
HUPFP0026_1	E09	HUEDQ0516	H02	Miseq_027	112				
HUPFP0026_1	G09	HUEDQ0513	E01	Miseq_023	173				
HUPFP0026_1	A10	HUEDQ0515	A02				None of the clones seem to appear (or should appear) on HUEDQ0515 and I can't find where these clones are??		
HUPFP0026_1	C12	HUEDQ0515	H01				None of the clones seem to appear (or should appear) on HUEDQ0515 and I can't find where these clones are??		
HUPFP0042_2B	G10	HUEDQ0537	C03	Miseq_054	139				
HUPFP0042_2B	D03	HUEDQ0537	D03	Miseq_054	140				
HUPFP0042_2B	A06	HUEDQ0537	E03	Miseq_054	141				
HUPFP0068A8	C04	HUEDQ0563	D11	Miseq_100	180				
HUPFP0068A8	B05	HUEDQ0565	H05	Miseq_100	232				
HUPFP0068A8	C09	HUEDQ0563	B11	Miseq_100	178				
HUPFP0068A8	A10	HUEDQ0565	G05	Miseq_100	231				
HUPFP0068A8	E10	HUEDQ0565	A06	Miseq_100	233				
HUPFP0068A8	A12	HUEDQ0563	C11	Miseq_100	179				
HUPFP0072A14	G05	HUEDQ0562	A03	Miseq_099	17	HUEDQ0562_ADAMTS9_2			
HUPFP0072A14	A07	HUEDQ0562	H02	Miseq_099	16	HUEDQ0562_ADAMTS9_2			
HUPFP0044_9	G01	HUEDQ0541	A01	Miseq_061	121	HUEDQ0541_PYCARD1_2			
HUPFP0044_9	C06	HUEDQ0541	C01	Miseq_061	123	HUEDQ0541_PYCARD1_2			
HUPFP0044_9	A03	HUEDQ0541	D01	Miseq_061	124	HUEDQ0541_PYCARD1_2			
HUPFP0044_9	B02	HUEDQ0541	B01	Miseq_061	122	HUEDQ0541_PYCARD1_2			
HUPFP0020_4	A01	HUEDQ0506	F02	Miseq_016	110	HUEDQ0506_TCF4_1			
HUPFP0020_4	H12	HUEDQ0506	G02	Miseq_016	111	HUEDQ0506_TCF4_1			
HUPFP0020_4	A02	HUEDQ0506	E02	Miseq_016	109	HUEDQ0506_TCF4_1			
HUPFP0027_6	E04	HUEDQ0519	D02	Miseq_030	180	HUEDQ0519_NOTCH1_2			
HUPFP0027_6	F06	HUEDQ0519	F02	Miseq_030	182	HUEDQ0519_NOTCH1_2			
HUPFP0027_6	A01	HUEDQ0519	E02	Miseq_030	181	HUEDQ0519_NOTCH1_2			
HUPFP0027_6	E02	HUEDQ0519	C02	Miseq_030	179	HUEDQ0519_NOTCH1_2			
HUPFP0020_3	A01	HUEDQ0507	A03	Miseq_018	113	HUEDQ0507_SMARCA4_1			
HUPFP0020_3	D03	HUEDQ0507	G02	Miseq_018	111	HUEDQ0507_SMARCA4_1			
HUPFP0020_3	A02	HUEDQ0507	H02	Miseq_018	112	HUEDQ0507_SMARCA4_1			
HUPFP0072A2	G02	HUEDQ0562	F02	Miseq_099	14	HUEDQ0562_RAC2_2			
HUPFP0072A2	H04	HUEDQ0562	G02	Miseq_099	15	HUEDQ0562_RAC2_2			
HUPFP0072A2	C05	HUEDQ0563	B10	Miseq_100	170	HUEDQ0563_RAC2_2			
HUPFP0072A2	D07	HUEDQ0562	E02	Miseq_099	13	HUEDQ0562_RAC2_2			
HUPFP0020_12	A08	HUEDQ0506	A02	Miseq_016	105	HUEDQ0506_IFNB_1	Recorded on LIMS2 as IFNB (Not IFNB1)		
HUPFP0020_12	B08	HUEDQ0506	C02	Miseq_016	107	HUEDQ0506_IFNB_1	Recorded on LIMS2 as IFNB (Not IFNB1)		
HUPFP0020_12	E08	HUEDQ0511	D02	Miseq_021	132	HUEDQ0511_IFNB_1	Recorded on LIMS2 as IFNB (Not IFNB1)		
HUPFP0020_12	F08	HUEDQ0506	B02	Miseq_016	106	HUEDQ0506_IFNB_1	Recorded on LIMS2 as IFNB (Not IFNB1)		
HUPFP0020_12	A09	HUEDQ0506	D02	Miseq_016	108	HUEDQ0506_IFNB_1	Recorded on LIMS2 as IFNB (Not IFNB1)		
HUPFP0090B4	A03	HUEDQ0568	E11	Miseq_102	181	HUEDQ0568_ZBTB18_2			
HUPFP0090B4	A08	HUEDQ0568	F11	Miseq_102	182	HUEDQ0568_ZBTB18_2			
HUPFP0090B4	G09	HUEDQ0568	G11	Miseq_102	183	HUEDQ0568_ZBTB18_2			
HUPFP0021_7	H12	HUEDQ0509	A01	Miseq_018	145	HUEDQ0509_IFITM3_3			
HUPFP0021_7	F01	HUEDQ0509	F01	Miseq_018	150	HUEDQ0509_IFITM3_3			
HUPFP0021_7	C11	HUEDQ0509	C01	Miseq_018	147	HUEDQ0509_IFITM3_3			
HUPFP0021_7	H09	HUEDQ0509	G01	Miseq_018	151	HUEDQ0509_IFITM3_3			
HUPFP0021_7	G01	HUEDQ0509	H01	Miseq_018	152	HUEDQ0509_IFITM3_3			
HUPFP0021_7	E08	HUEDQ0509	E01	Miseq_018	149	HUEDQ0509_IFITM3_3			
HUPFP0021_7	E01	HUEDQ0509	D01	Miseq_018	148	HUEDQ0509_IFITM3_3			
HUPFP0021_7	F11	HUEDQ0509	B01	Miseq_018	146	HUEDQ0509_IFITM3_3			
HUPFP0021_12	A09	HUEDQ0514	H03	Miseq_023	168	HUEDQ0514_PTGER4_1			
HUPFP0021_12	A03	HUEDQ0513	H01	Miseq_023	176	HUEDQ0513_PTGER4_1			
HUPFP0021_12	F01	HUEDQ0513	B02	Miseq_023	178	HUEDQ0513_PTGER4_1			
HUPFP0021_12	A02	HUEDQ0513	G01	Miseq_023	175	HUEDQ0513_PTGER4_1			
HUPFP0021_12	E08	HUEDQ0513	C03	Miseq_023		HUEDQ0513_PTGER4_1	Not on either HUEDQ plates and can't find anywhere else		
HUPFP0021_12	A04	HUEDQ0513	A02	Miseq_023	177	HUEDQ0513_PTGER4_1			
HUPFP0021_12	B04	HUEDQ0513	F01	Miseq_023	174	HUEDQ0513_PTGER4_1			
HUPFP0028_6	D04	HUEDQ0518	H02	Miseq_028	160	HUEDQ0518_TBL1XR1_2			
HUPFP0028_6	D06	HUEDQ0518	B03	Miseq_028	162	HUEDQ0518_TBL1XR1_2			
HUPFP0028_6	F08	HUEDQ0518	C03	Miseq_028	163	HUEDQ0518_TBL1XR1_2			
HUPFP0028_6	G10	HUEDQ0518	A03	Miseq_028	161	HUEDQ0518_TBL1XR1_2			
HUPFP0020_1	C07	HUEDQ0511	A02	Miseq_021	129	HUEDQ0511_ADNP_1			
HUPFP0020_1	A02	HUEDQ0508	F01	Miseq_018	126	HUEDQ0508_ADNP_1			
HUPFP0020_1	B04	HUEDQ0511	H01	Miseq_021	128	HUEDQ0511_ADNP_1			
HUPFP0020_1	A01	HUEDQ0508	G01	Miseq_018	127	HUEDQ0508_ADNP_1			
HUPFP0048_10	A02	HUEDQ0535	E01	Miseq_054	173	HUEDQ0535_B_LYST_2			
HUPFP0048_10	H02	HUEDQ0535	D01	Miseq_054	172	HUEDQ0535_B_LYST_2			
HUPFP0048_10	B03	HUEDQ0535	B01	Miseq_054	170	HUEDQ0535_B_LYST_2			
HUPFP0048_10	B05	HUEDQ0535	C01	Miseq_054	171	HUEDQ0535_B_LYST_2			
HUPFP0048_10	E05	HUEDQ0535	F01	Miseq_054	174	HUEDQ0535_B_LYST_2			
HUPFP0048_10	A06	HUEDQ0535	A01	Miseq_054	169	HUEDQ0535_B_LYST_2			
HUPFP0019_3	F01	HUEDQ0515	H03	Miseq_027	120	HUEDQ0516_NSD1_1	Actually HUEDQ0516		
HUPFP0019_3	H01	HUEDQ0515	C03	Miseq_027	115	HUEDQ0516_NSD1_1			
HUPFP0019_3	B02	HUEDQ0515	G03	Miseq_027	119	HUEDQ0516_NSD1_1			
HUPFP0019_3	D02	HUEDQ0517	D03				Not on HUEDQ0517 and can't find anywhere else		
HUPFP0019_3	E02	HUEDQ0515	F03	Miseq_027	118	HUEDQ0516_NSD1_1			
HUPFP0019_3	A03	HUEDQ0517	C03				Not on HUEDQ0517 and can't find anywhere else		
HUPFP0019_3	D05	HUEDQ0515	D03	Miseq_027	116	HUEDQ0516_NSD1_1			
HUPFP0019_3	A06	HUEDQ0515	E03	Miseq_027	117	HUEDQ0516_NSD1_1			
HUPFP0021_10	A02	HUEDQ0508	H01	Miseq_018	8	HUEDQ0508_PTGES_1			
HUPFP0021_10	C03	HUEDQ0508	B02	Miseq_018	10	HUEDQ0508_PTGES_1			
HUPFP0021_10	A04	HUEDQ0508	A02	Miseq_018	9	HUEDQ0508_PTGES_1			
HUPFP0042_4	F01	HUEDQ0537	D01	Miseq_054	124	HUEDQ0537_CMTR2_2			
HUPFP0042_4	C12	HUEDQ0537	E01	Miseq_054	125	HUEDQ0537_CMTR2_2			
HUPFP0042_4	H01	HUEDQ0537	F01	Miseq_054	126	HUEDQ0537_CMTR2_2			
HUPFP0017_4	A01	HUEDQ0505	E03	Miseq_016	116	HUEDQ0505_CHD4_1			
HUPFP0017_4	B02	HUEDQ0505	D03	Miseq_016	117	HUEDQ0505_CHD4_1			
HUPFP0017_4	B03	HUEDQ0513	A03	Miseq_023	185	HUEDQ0513_CHD4_1			
HUPFP0048_14	D01	HUEDQ0535	H01	Miseq_052	176	HUEDQ0535_2			
HUPFP0048_14	B02	HUEDQ0537	B03	Miseq_054	138	HUEDQ0537_PLCB3_2			
HUPFP0048_14	A03	HUEDQ0535	A02	Miseq_052	177	HUEDQ0535_2			
HUPFP0048_14	D04	HUEDQ0537	A03	Miseq_054	137	HUEDQ0537_PLCB3_2			
HUPFP0048_14	C05	HUEDQ0535	G01	Miseq_052	175	HUEDQ0535_2			
HUPFP0048_14	G11	HUEDQ0537	H02	Miseq_054	136	HUEDQ0537_PLCB3_2			
HUPFP0019_1	C01	HUEDQ0503	E01	Miseq_015	101	HUPEPD0503_SMARCA2_1			
HUPFP0019_1	H07	HUEDQ0503	H01	Miseq_015	104	HUPEPD0503_SMARCA2_1			
HUPFP0019_1	A01	HUEDQ0503	F01	Miseq_015	102	HUPEPD0503_SMARCA2_1			
HUPFP0019_1	C07	HUEDQ0504	H03	Miseq_015	144	HUPEPD0504_SMARCA2_1			
HUPFP0019_1	G07	HUEDQ0503	G01	Miseq_015	103	HUPEPD0503_SMARCA2_1			
HUPFP0019_1	B01	HUEDQ0504	G03	Miseq_015	143	HUPEPD0504_SMARCA2_1			
HUPFP0067A6	D03	HUEDQ0558	A07	Miseq_092	145	HUEDQ0558_CTCF			
HUPFP0067A6	E08	HUEDQ0560	H08	Miseq_094	160	HUEDQ0560_CTCF_1			
HUPFP0067A6	H09	HUEDQ0559	H08				Cannot find on HUEDQ0559 All different CTCF clones		
HUPFP0067A6	A10	HUEDQ0559	A09				Cannot find on HUEDQ0559 All different CTCF clones		
HUPFP0067A6	B10	HUEDQ0559	B09				Cannot find on HUEDQ0559 All different CTCF clones		
HUPFP0067A6	C10	HUEDQ0559	C09				Cannot find on HUEDQ0559 All different CTCF clones		
HUPFP0067A6	D10	HUEDQ0559	D09				Cannot find on HUEDQ0559 All different CTCF clones		
HUPFP0067A6	E10	HUEDQ0559	E09				Cannot find on HUEDQ0559 All different CTCF clones		
HUPFP0069A6	B01	HUEDQ0565	H06	Miseq_100	240	HUEDQ0565_KAT6B_1			
HUPFP0069A6	H03	HUEDQ0565	C07	Miseq_100	243	HUEDQ0565_KAT6B_1			
HUPFP0069A6	C04	HUEDQ0567	G07	Miseq_101	151	HUEDQ0567_KAT6B_1			
HUPFP0069A6	H04	HUEDQ0565	D07	Miseq_100	244	HUEDQ0565_KAT6B_1			
HUPFP0069A6	A05	HUEDQ0565	G06	Miseq_100	239	HUEDQ0565_KAT6B_1			
HUPFP0069A6	C06	HUEDQ0563	F10	Miseq_100	174	HUEDQ0563_KAT6B_1			
HUPFP0069A6	C07	HUEDQ0565	A07	Miseq_100	241	HUEDQ0565_KAT6B_1			
HUPFP0069A6	E07	HUEDQ0565	B07	Miseq_100	242	HUEDQ0565_KAT6B_1			
HUPFP0069A6	A08	HUEDQ0565	E07	Miseq_100	245	HUEDQ0565_KAT6B_1			
HUPFP0069A6	F11	HUEDQ0567	H07	Miseq_101	152	HUEDQ0567_KAT6B_1			
HUPFP0069A6	C12	HUEDQ0565	F07	Miseq_100	246	HUEDQ0565_KAT6B_1			
HUPFP0069A6	F12	HUEDQ0567	A08	Miseq_101	153	HUEDQ0567_KAT6B_1			
HUPFP0067B6	E01	HUEDQ0560	D09	Miseq_094	164	HUEDQ0560_CTCF_1			
HUPFP0067B6	D03	HUEDQ0560	B09	Miseq_094	162	HUEDQ0560_CTCF_1			
HUPFP0067B6	B04	HUEDQ0560	A09	Miseq_094	161	HUEDQ0560_CTCF_1			
HUPFP0067B6	C05	HUEDQ0561	A07	Miseq_097		HUEDQ0561_CTCF_1_P2	Can't find on HUEDQ0561		
HUPFP0067B6	D12	HUEDQ0560	C09	Miseq_094	163	HUEDQ0560_CTCF_1			
HUPFP0068A2	A01	HUEDQ0562	A01	Miseq_099	1	HUEDQ0562_KMT2A_1			
HUPFP0068A2	A02	HUEDQ0562	B01	Miseq_099	2	HUEDQ0562_KMT2A_1			
HUPFP0068A2	A03	HUEDQ0562	C01	Miseq_099	3	HUEDQ0562_KMT2A_1			
HUPFP0068A2	F03	HUEDQ0562	A02	Miseq_099	9	HUEDQ0562_KMT2A_1			
HUPFP0068A2	A04	HUEDQ0562	D01	Miseq_099	4	HUEDQ0562_KMT2A_1			
HUPFP0068A2	H04	HUEDQ0562	D02	Miseq_099	12	HUEDQ0562_KMT2A_1			
HUPFP0068A2	A05	HUEDQ0562	E01	Miseq_099	5	HUEDQ0562_KMT2A_1			
HUPFP0068A2	G05	HUEDQ0562	C02	Miseq_099	11	HUEDQ0562_KMT2A_1			
HUPFP0068A2	A06	HUEDQ0562	F01	Miseq_099	6	HUEDQ0562_KMT2A_1			
HUPFP0068A2	C06	HUEDQ0562	G01	Miseq_099	7	HUEDQ0562_KMT2A_1			
HUPFP0068A2	C08	HUEDQ0562	H01	Miseq_099	8	HUEDQ0562_KMT2A_1			
HUPFP0068A2	F08	HUEDQ0562	B02	Miseq_099	10	HUEDQ0562_KMT2A_1			
HUPFP0020_9	E02	HUEDQ0509	E03	Miseq_018	165	HUEDQ0509_RAB32_2			
HUPFP0020_9	F01	HUEDQ0506	G03	Miseq_016	119	HUEDQ0506_RAB32_2			
HUPFP0020_9	G12	HUEDQ0507	C02	Miseq_018	107	HUEDQ0507_RAB32_2			
HUPFP0020_9	H09	HUEDQ0511	E02	Miseq_021	133	HUEDQ0511_RAB32_2			
HUPFP0020_9	H11	HUEDQ0506	H03	Miseq_016	120	HUEDQ0506_RAB32_2			
HUPFP0021_3	A02	HUEDQ0509	A02	Miseq_018	153	HUEDQ0509_NHLRC2_1			
HUPFP0021_3	A01	HUEDQ0509	E02	Miseq_018	157	HUEDQ0509_NHLRC2_1			
HUPFP0021_3	B01	HUEDQ0509	F02	Miseq_018	158	HUEDQ0509_NHLRC2_1			
HUPFP0021_3	B02	HUEDQ0509	G02	Miseq_018	159	HUEDQ0509_NHLRC2_1			
HUPFP0021_3	D06	HUEDQ0509	B02	Miseq_018	154	HUEDQ0509_NHLRC2_1			
HUPFP0021_3	H02	HUEDQ0509	D02	Miseq_018	156	HUEDQ0509_NHLRC2_1			
HUPFP0021_3	G04	HUEDQ0509	C02	Miseq_018	155	HUEDQ0509_NHLRC2_1			
HUPFP0021_3	H09	HUEDQ0509	H02	Miseq_018	160	HUEDQ0509_NHLRC2_1			
HUPFP0036_4	B05	HUEDQ0527	C02	Miseq_040	179	HUEDQ0527_IFNB1_1			
HUPFP0036_4	A09	HUEDQ0527	D02	Miseq_040	180	HUEDQ0527_IFNB1_1			
HUPFP0021_6	G07	HUEDQ0511	C01	Miseq_021	123	HUEDQ0511_IFNAR1_1			
HUPFP0021_6	D08	HUEDQ0511	B01	Miseq_021	122	HUEDQ0511_IFNAR1_1			
HUPFP0021_6	B01	HUEDQ0511	E01	Miseq_021	125	HUEDQ0511_IFNAR1_1			
HUPFP0021_6	B08	HUEDQ0511	D01	Miseq_021	124	HUEDQ0511_IFNAR1_1			
HUPFP0021_6	B02	HUEDQ0511	A01	Miseq_021	121	HUEDQ0511_IFNAR1_1			
HUPFP0045_7	A02	HUEDQ0541	G02	Miseq_061	111	HUEDQ0541_ARF6_2			
HUPFP0045_7	A05	HUEDQ0541	H02	Miseq_061	112	HUEDQ0541_ARF6_2			
HUPFP0045_7	A11	HUEDQ0541	A03	Miseq_061	113	HUEDQ0541_ARF6_2			
HUPFP0045_7	H11	HUEDQ0541	B03	Miseq_061	114	HUEDQ0541_ARF6_2			
HUPFP0021_15	A03	HUEDQ0508	B03	Miseq_018	138	HUEDQ0508_S100A9_2			
HUPFP0021_15	C11	HUEDQ0508	D03	Miseq_018	140	HUEDQ0508_S100A9_2			
HUPFP0021_15	C03	HUEDQ0508	F03	Miseq_018	142	HUEDQ0508_S100A9_2			
HUPFP0021_15	A02	HUEDQ0508	A03	Miseq_018	137	HUEDQ0508_S100A9_2			
HUPFP0021_15	D08	HUEDQ0508	G03	Miseq_018	143	HUEDQ0508_S100A9_2			
HUPFP0021_15	C02	HUEDQ0508	C03	Miseq_018	139	HUEDQ0508_S100A9_2			
HUPFP0021_15	D03	HUEDQ0508	E03	Miseq_018	141	HUEDQ0508_S100A9_2			
HUPFP0027_3	B11	HUEDQ0517	H02	Miseq_028	136	HUEDQ0517_AHR_1			
HUPFP0068A6	A01	HUEDQ0561	H07	Miseq_097	152	HUEDQ0561_SETD1A_1			
HUPFP0068A6	C01	HUEDQ0561	E07	Miseq_097	149	HUEDQ0561_SETD1A_1			
HUPFP0068A6	A02	HUEDQ0561	A08	Miseq_097	153	HUEDQ0561_SETD1A_1			
HUPFP0068A6	C05	HUEDQ0561	F07	Miseq_097	150	HUEDQ0561_SETD1A_1			
HUPFP0068A6	C06	HUEDQ0561	G07	Miseq_097	151	HUEDQ0561_SETD1A_1			
HUPFP0068A6	B07	HUEDQ0561	D08	Miseq_097	156	HUEDQ0561_SETD1A_1			
HUPFP0068A6	A08	HUEDQ0561	B08	Miseq_097	154	HUEDQ0561_SETD1A_1			
HUPFP0068A6	B08	HUEDQ0561	C07	Miseq_097	147	HUEDQ0561_SETD1A_1			
HUPFP0068A6	B09	HUEDQ0561	D07	Miseq_097	148	HUEDQ0561_SETD1A_1			
HUPFP0068A6	A11	HUEDQ0561	C08	Miseq_097	155	HUEDQ0561_SETD1A_1			
HUPFP0090A4	B01	HUEDQ0567	E08	Miseq_101	157	HUEDQ0567_ZBTB18_2			
HUPFP0090A4	B02	HUEDQ0567	F08	Miseq_101	158	HUEDQ0567_ZBTB18_2			
HUPFP0090A4	F02	HUEDQ0565	C05	Miseq_100	227	HUEDQ0565_ZBTB18_2			
HUPFP0090A4	G02	HUEDQ0565	B05	Miseq_100	226	HUEDQ0565_ZBTB18_2			
HUPFP0090A4	B03	HUEDQ0567	A09	Miseq_101	161	HUEDQ0567_ZBTB18_2			
HUPFP0090A4	C03	HUEDQ0567	B09	Miseq_101	162	HUEDQ0567_ZBTB18_2			
HUPFP0090A4	D03	HUEDQ0567	G08	Miseq_101	159	HUEDQ0567_ZBTB18_2			
HUPFP0090A4	D04	HUEDQ0567	H08	Miseq_101	160	HUEDQ0567_ZBTB18_2			
HUPFP0090A4	E04	HUEDQ0565	A05	Miseq_100	225	HUEDQ0565_ZBTB18_2			
HUPFP0090A4	D06	HUEDQ0567	C09	Miseq_101	163	HUEDQ0567_ZBTB18_2			
HUPFP0072A12	B03	HUEDQ0563	C10	Miseq_100	171	HUEDQ0563_FBN1_3			
HUPFP0072A12	H06	HUEDQ0563	D10	Miseq_100	172	HUEDQ0563_FBN1_3			
HUPFP0036_1	A01	HUEDQ0527	B01	Miseq_040	170	HUEDQ0527_PHF8_2			
HUPFP0036_1	C04	HUEDQ0527	A01	Miseq_040	169	HUEDQ0527_PHF8_2			
HUPFP0028_9	B05	HUEDQ0518	F02				Not on HUEDQ0518 (LIMS suggest HUEDQ513 and 516 but I can't find these clones on either of those plates)		
HUPFP0028_9	A02	HUEDQ0518	D02						
HUPFP0028_9	A01	HUEDQ0518	B02						
HUPFP0028_9	B03	HUEDQ0518	C02						
HUPFP0028_9	D06	HUEDQ0518	G02						
HUPFP0028_9	A03	HUEDQ0518	E02						
HUPFP0021_5	H02	HUEDQ0514	D03	Miseq_023	164	HUEDQ0514_YDJC_1			
HUPFP0021_5	A03	HUEDQ0511	C02	Miseq_021	131	HUEDQ0511_YDJC_1			
HUPFP0021_5	A02	HUEDQ0511	B02	Miseq_021	130	HUEDQ0511_YDJC_1			
HUPFP0046_15	D06	HUEDQ0541	G01	Miseq_061	127	HUEDQ0541_RAB32_3			
HUPFP0046_15	G07	HUEDQ0541	F01	Miseq_061	126	HUEDQ0541_RAB32_3			
HUPFP0046_15	A08	HUEDQ0541	E01	Miseq_061	125	HUEDQ0541_RAB32_3			
HUPFP0018_1	B01	HUEDQ0510	A01	Miseq_019	169	HUEDQ0510_ANKRD11_1			
HUPFP0018_1	B02	HUEDQ0502	B02	Miseq_014	169	HUEDQ0502_ANKRD11_1			
HUPFP0018_1	A03	HUEDQ0502	C02	Miseq_014	177	HUEDQ0502_ANKRD11_1			
HUPFP0018_1	B03	HUEDQ0502	A02	Miseq_014	161	HUEDQ0502_ANKRD11_1			
HUPFP0018_1	A04	HUEDQ0502	H01	Miseq_014	153	HUEDQ0502_ANKRD11_1			
HUPFP0018_1	C05	HUEDQ0502	G01	Miseq_014	145	HUEDQ0502_ANKRD11_1			
HUPFP0068B3	C07	HUEDQ0567	A07	Miseq_101	145	HUEDQ0567_KDM5B_3			
HUPFP0068B3	E08	HUEDQ0567	B07	Miseq_101	146	HUEDQ0567_KDM5B_3			
HUPFP0068B3	E09	HUEDQ0567	C07	Miseq_101	147	HUEDQ0567_KDM5B_3			
HUPFP0068B3	H09	HUEDQ0567	E07	Miseq_101	149	HUEDQ0567_KDM5B_3			
HUPFP0068B3	G12	HUEDQ0567	D07	Miseq_101	148	HUEDQ0567_KDM5B_3			
HUPFP0069A3	A01	HUEDQ0565	D05	Miseq_100	228	HUEDQ0565_SETD5_2			
HUPFP0069A3	A02	HUEDQ0565	E05	Miseq_100	229	HUEDQ0565_SETD5_2			
HUPFP0069A3	A04	HUEDQ0565	F05	Miseq_100	230	HUEDQ0565_SETD5_2			
HUPFP0069A3	A05	HUEDQ0563	E11	Miseq_100	181	HUEDQ0563_SETD5_2			
HUPFP0069A3	A06	HUEDQ0567	F07	Miseq_101	150	HUEDQ0567_SETD5_2			
HUPFPPlate3	G03	HUEDQ0501	C02	Miseq_009_2ndQC	81	HUEDQ0501_KPTN_1			
HUPFPPlate3	C07	HUEDQ0501	E02				Can't find on HUEDQ0501		
HUPFP0067A3	B01	HUEDQ0560	A07	Miseq_094	145	HUEDQ0560_TCF20_3_ref			
HUPFP0067A3	C01	HUEDQ0560	E07	Miseq_094	149	HUEDQ0560_TCF20_3_ref			
HUPFP0067A3	C02	HUEDQ0560	F07	Miseq_094	150	HUEDQ0560_TCF20_3_ref			
HUPFP0067A3	B03	HUEDQ0560	A08	Miseq_094	153	HUEDQ0560_TCF20_3_ref			
HUPFP0067A3	C03	HUEDQ0561	B07	Miseq_097	146	HUEDQ0561_TCF20_3_ref			
HUPFP0067A3	A05	HUEDQ0560	G07	Miseq_094	151	HUEDQ0560_TCF20_3_ref			
HUPFP0067A3	B05	HUEDQ0560	B08	Miseq_094	154	HUEDQ0560_TCF20_3_ref			
HUPFP0067A3	B06	HUEDQ0560	B07	Miseq_094	146	HUEDQ0560_TCF20_3_ref			
HUPFP0067A3	B10	HUEDQ0560	C07	Miseq_094	147	HUEDQ0560_TCF20_3_ref			
HUPFP0067A3	A11	HUEDQ0560	H07	Miseq_094	152	HUEDQ0560_TCF20_3_ref			
HUPFP0067A3	B12	HUEDQ0560	D07	Miseq_094	148	HUEDQ0560_TCF20_3_ref			
HUPFP0042_1	G04	HUEDQ0537	B02	Miseq_054	129	HUEDQ0537_HMGCR_1			
HUPFP0042_1	A01	HUEDQ0537	A02	Miseq_054	130	HUEDQ0537_HMGCR_1			
HUPFP0021_11	F04	HUEDQ0507	C01	Miseq_018	99	HUEDQ0507_PTGER2_1			
HUPFP0021_11	F06	HUEDQ0517	H03	Miseq_028	144	HUEDQ0517_PTGER2_1			
HUPFP0021_11	A02	HUEDQ0507	D01	Miseq_018	100	HUEDQ0507_PTGER2_1			
HUPFP0021_11	A01	HUEDQ0507	B01	Miseq_018	98	HUEDQ0507_PTGER2_1			
HUPFP0021_11	A08	HUEDQ0507	A01	Miseq_018	97	HUEDQ0507_PTGER2_1			
HUPFP0021_11	A07	HUEDQ0507	E01	Miseq_018	101	HUEDQ0507_PTGER2_1			
HUPFP0017_3	B04	HUEDQ0514	E03	Miseq_023	165	HUEDQ0514_EHMT1_1			
HUPFP0024_8	E03	HUEDQ0516	D02	Miseq_027	108	HUEDQ0516_PHF8_2			
HUPFP0024_8	H03	HUEDQ0513	D02	Miseq_023	180	HUEDQ0513_PHF8_2			
HUPFP0024_8	B04	HUEDQ0513	H02	Miseq_023	184	HUEDQ0513_PHF8_2			
HUPFP0024_8	B05	HUEDQ0513	C02	Miseq_023	179	HUEDQ0513_PHF8_2			
HUPFP0024_8	F08	HUEDQ0513	F02	Miseq_023	182	HUEDQ0513_PHF8_2			
HUPFP0024_8	C09	HUEDQ0513	G02	Miseq_023	183	HUEDQ0513_PHF8_2			
HUPFP0024_8	G09	HUEDQ0513	E02	Miseq_023	181	HUEDQ0513_PHF8_2			
HUPFP0019_2	G02	HUEDQ0503	A03	Miseq_015	113	HUPEPD0503_MED13L_1			
HUPFP0019_2	D02	HUEDQ0505	H03	Miseq_016	120	HUEDQ0505_MED13L_1			
HUPFP0019_2	B03	HUEDQ0503	B03	Miseq_015	114	HUPEPD0503_MED13L_1			
HUPFP0019_2	D01	HUEDQ0503	C03	Miseq_015	115	HUPEPD0503_MED13L_1			
HUPFP0067A9	E01	HUEDQ0558	G07	Miseq_092	151	HUEDQ0558_TBL1XR1			
HUPFP0067A9	H02	HUEDQ0558	D07	Miseq_092	148	HUEDQ0558_TBL1XR1			
HUPFP0067A9	H03	HUEDQ0558	H07	Miseq_092	152	HUEDQ0558_TBL1XR1			
HUPFP0067A9	C05	HUEDQ0558	E07	Miseq_092	149	HUEDQ0558_TBL1XR1			
HUPFP0067A9	A07	HUEDQ0559	G07	Miseq_093	151	HUEDQ0559_TBL1XR1_2	I think these are the wrong clones and the HUEDQ well locations have been used instaed	B11	
HUPFP0067A9	B07	HUEDQ0559	H07	Miseq_093	152	HUEDQ0559_TBL1XR1_2		F06	
HUPFP0067A9	C07	HUEDQ0559	A08	Miseq_093	153	HUEDQ0559_TBL1XR1_2		F08	
HUPFP0067A9	D07	HUEDQ0559	B08	Miseq_093	154	HUEDQ0559_TBL1XR1_2		B10	
HUPFP0067A9	E07	HUEDQ0559	C08	Miseq_093	155	HUEDQ0559_TBL1XR1_2		E02	
HUPFP0067A9	H07	HUEDQ0560	C08	Miseq_094	155	HUEDQ0560_TBL1XR1_2			
HUPFP0067A9	F08	HUEDQ0560	H09	Miseq_094	165	HUEDQ0560_TBL1XR1_2			
HUPFP0067A9	D09	HUEDQ0558	F07	Miseq_092	150	HUEDQ0558_TBL1XR1			
HUPFP0067A9	H09	HUEDQ0560	D08	Miseq_094	156	HUEDQ0560_TBL1XR1_2			
HUPFP0067A9	C10	HUEDQ0558	B07	Miseq_092	146	HUEDQ0558_TBL1XR1			
HUPFP0067A9	G12	HUEDQ0558	C07	Miseq_092	147	HUEDQ0558_TBL1XR1			
HUPFP0025_1	B12	HUEDQ0514	C02	Miseq_023	155	HUEDQ0514_STK11_1			
HUPFP0025_1	E08	HUEDQ0514	A02	Miseq_023	153	HUEDQ0514_STK11_1			
HUPFP0025_1	H03	HUEDQ0516	A01	Miseq_027	97	HUEDQ0516_STK11_1			
HUPFP0025_1	A03	HUEDQ0516	B01	Miseq_027	98	HUEDQ0516_STK11_1			
HUPFP0025_1	E09	HUEDQ0514	B02	Miseq_023	154	HUEDQ0514_STK11_1			
HUPFP0090A2	A01	HUEDQ0565	C06	Miseq_100	235	HUEDQ0565_EP300_1			
HUPFP0090A2	B01	HUEDQ0563	G10	Miseq_100	175	HUEDQ0563_EP300_1			
HUPFP0090A2	C01	HUEDQ0567	B08	Miseq_101	154	HUEDQ0567_EP300_1			
HUPFP0090A2	H02	HUEDQ0567	D08	Miseq_101	156	HUEDQ0567_EP300_1			
HUPFP0090A2	A04	HUEDQ0565	B06	Miseq_100	234	HUEDQ0565_EP300_1			
HUPFP0090A2	C04	HUEDQ0565	E06	Miseq_100	237	HUEDQ0565_EP300_1			
HUPFP0090A2	C05	HUEDQ0563	E10	Miseq_100	173	HUEDQ0563_EP300_1			
HUPFP0090A2	B06	HUEDQ0565	D06	Miseq_100	236	HUEDQ0565_EP300_1			
HUPFP0090A2	B08	HUEDQ0563	H10	Miseq_100	176	HUEDQ0563_EP300_1			
HUPFP0090A2	E09	HUEDQ0565	F06	Miseq_100	238	HUEDQ0565_EP300_1			
HUPFP0090A2	E10	HUEDQ0567	C08	Miseq_101	155	HUEDQ0567_EP300_1			
HUPFP0047_9	D02	HUEDQ0537	D02	Miseq_054	132	HUEDQ0537_NEU3_2			
HUPFP0047_9	G09	HUEDQ0537	C02	Miseq_054	131	HUEDQ0537_NEU3_2			
HUPFP0047_9	C10	HUEDQ0537	E02	Miseq_054	133	HUEDQ0537_NEU3_2			
HUPFP0069A7	C07	HUEDQ0569	A11	Miseq_104	177	HUEDQ0569_POGZ_1			
HUPFP0069A7	D08	HUEDQ0569	B11	Miseq_104	178	HUEDQ0569_POGZ_1			
HUPFP0069A7	H09	HUEDQ0569	D11	Miseq_104	180	HUEDQ0569_POGZ_1			
HUMUT0001_4F	G03	HUEDQ0518	D01	Miseq_028	148	HUEDQ0518_MLH1_2			
HUMUT0001_4F	A06	HUEDQ0518	C01	Miseq_028	147	HUEDQ0518_MLH1_2			
HUMUT0001_4F	F09	HUEDQ0518	B01	Miseq_028	146	HUEDQ0518_MLH1_2			
HUMUT0001_4F	G09	HUEDQ0518	E01	Miseq_028	149	HUEDQ0518_MLH1_2			
HUPFP0018_2	E06	HUEDQ0504	C02	Miseq_015	131	HUPEPD0504_EP300_1			
HUPFP0018_2	H05	HUEDQ0504	A02	Miseq_015	129	HUPEPD0504_EP300_1			
HUPFP0018_2	C08	HUEDQ0504	B02	Miseq_015	130	HUPEPD0504_EP300_1			
HUPFP0018_2	B10	HUEDQ0509	A03	Miseq_018	161	HUEDQ0509_EP300_1			
HUPFP0018_2	D12	HUEDQ0504	H01	Miseq_015	128	HUPEPD0504_EP300_1			
HUPFP0018_2	D06	HUEDQ0504	G01	Miseq_015	127	HUPEPD0504_EP300_1			
HUPFPPlate7B	H01	HUEDQ0506	F03	Miseq_016	117	HUEDQ0506_BCL11A1_1			
HUPFPPlate7B	G05	HUEDQ0506	E03	Miseq_016	118	HUEDQ0506_BCL11A1_1			
HUPFP0020_11	A01	HUEDQ0507	B03	Miseq_018	114	HUEDQ0507_IFNE			
HUPFP0020_11	A02	HUEDQ0507	C03	Miseq_018	115	HUEDQ0507_IFNE			
HUPFP0020_11	E06	HUEDQ0507	D03	Miseq_018	116	HUEDQ0507_IFNE			
HUPFP0026_11	A10	HUEDQ0516	A02	Miseq_027	105	HUEDQ0516_SMAD4_1			
HUPFP0026_11	G08	HUEDQ0517	G03	Miseq_028	143	HUEDQ0517_SMAD4_1			
HUPFP0026_11	C12	HUEDQ0516	H01	Miseq_027	104	HUEDQ0516_SMAD4_1			
HUPFP0026_11	E07	HUEDQ0516	G01	Miseq_027	103	HUEDQ0516_SMAD4_1			
HUPFP0026_11	E08	HUEDQ0516	C02	Miseq_027	107	HUEDQ0516_SMAD4_1			
HUPFP0026_11	H03	HUEDQ0516	B02	Miseq_027	106	HUEDQ0516_SMAD4_1			
HUPFP0026_11	A09	HUEDQ0519	E03	Miseq_030	189	HUEDQ0519_SMAD4_1			
HUPFP0044_11	H08	HUEDQ0545	G03	Miseq_069	191	HUEDQ0545_VCL_2			
HUPFP0044_11	F08	HUEDQ0537	G01	Miseq_054	127	HUEDQ0537_VCL_2			
HUPFP0044_11	C06	HUEDQ0545	H03	Miseq_069	192	HUEDQ0545_VCL_2			
HUPFP0044_11	F01	HUEDQ0537	H01	Miseq_054	128	HUEDQ0537_VCL_2			
HUPFP0033_14	G01	HUEDQ0526	A02	Miseq_039	177	HUEDQ0526FOXG1_2			
HUPFP0033_14	G04	HUEDQ0526	H01	Miseq_039	176	HUEDQ0526FOXG1_2			
HUPFP0033_14	C06	HUEDQ0531	A02	Miseq_046	153	HUEDQ0531_FOXG1_2			
HUPFP0033_14	B10	HUEDQ0526	G01	Miseq_039	175	HUEDQ0526FOXG1_2			
HUPFP0033_14	A01	HUEDQ0527	E01	Miseq_040	173	HUEDQ0527_FOXG1_2			
HUPFP0033_14	E03	HUEDQ0531	B02	Miseq_046	154	HUEDQ0531_FOXG1_2			
HUPFP0033_14	D01	HUEDQ0526	B02	Miseq_039	178	HUEDQ0526FOXG1_2			
HUPFP0027_7	C03	HUEDQ0521	A03	Miseq_033	185	HUEDQ0521_SACS_2			
HUPFP0027_7	G02	HUEDQ0519	B03	Miseq_030	186	HUEDQ0519_SACS_2			
HUPFP0027_7	B10	HUEDQ0519	D03	Miseq_030	188	HUEDQ0519_SACS_2			
HUPFP0027_7	B11	HUEDQ0519	G02	Miseq_030	183	HUEDQ0519_SACS_2			
HUPFP0027_7	B08	HUEDQ0519	H02	Miseq_030	184	HUEDQ0519_SACS_2			
HUPFP0027_7	H06	HUEDQ0519	A03	Miseq_030	185	HUEDQ0519_SACS_2			
HUPFP0038_5	H11	HUEDQ0533	B01	Miseq_049	170	HUEDQ0533_PTEN_4			
HUPFP0038_5	B08	HUEDQ0533	C01	Miseq_049	171	HUEDQ0533_PTEN_4			
HUPFP0038_5	C02	HUEDQ0533	G01	Miseq_049	175	HUEDQ0533_PTEN_4			
HUPFP0038_5	B03	HUEDQ0533	D01	Miseq_049	172	HUEDQ0533_PTEN_4			
HUPFP0038_5	B11	HUEDQ0533	A01	Miseq_049	169	HUEDQ0533_PTEN_4			
HUPFP0038_5	D11	HUEDQ0541	H01	Miseq_061	128	HUEDQ0541_PTEN_4			
HUPFP0038_5	E04	HUEDQ0533	F01	Miseq_049	174	HUEDQ0533_PTEN_4			
HUPFP0038_5	B05	HUEDQ0533	E01	Miseq_049	173	HUEDQ0533_PTEN_4			
HUPFP0038_5	F12	HUEDQ0541	A02	Miseq_061	105	HUEDQ0541_PTEN_4			
HUPFP0033_4	F10	HUEDQ0524	H01	Miseq_037	152	HUEDQ0524_WARS2_3			
HUPFP0033_4	A05	HUEDQ0524	A02	Miseq_037	153	HUEDQ0524_WARS2_3			
HUPFP0033_4	D05	HUEDQ0535	H02	Miseq_052	184	HUEDQ0535_7			
HUPFP0033_4	A06	HUEDQ0529	E01	Miseq_043	149	HUEDQ0529_WARS2_3			
HUPFP0033_4	G02	HUEDQ0525	H03	Miseq_037	192	HUEDQ0525_WARS2_3			
HUPFP0033_7	D05	HUEDQ0529	A01	Miseq_043	145	HUEDQ0529_AHDC1_4			
HUPFP0033_7	A07	HUEDQ0541	H03	Miseq_061	120	HUEDQ0541_AHDC1_4			
HUPFP0033_7	F04	HUEDQ0527	B02	Miseq_040	178	HUEDQ0527_AHDC1_4			
HUPFP0033_7	A06	HUEDQ0527	G01	Miseq_040	175	HUEDQ0527_AHDC1_4			
HUPFP0033_7	A03	HUEDQ0541	G03	Miseq_061	119	HUEDQ0541_AHDC1_4			
HUPFP0033_7	C01	HUEDQ0527	F01	Miseq_040	174	HUEDQ0527_AHDC1_4			
HUPFP0033_7	B03	HUEDQ0527	H01	Miseq_040	176	HUEDQ0527_AHDC1_4			
HUPFP0033_7	A01	HUEDQ0527	A02	Miseq_040	177	HUEDQ0527_AHDC1_4			
HUPFPPlate4	A03	HUEDQ0501	D02				Very old clones, cannot find the clones on the HUEDQ plate listed		
HUPFPPlate4	A04	HUEDQ0500	G03						
HUPFPPlate4	H04	HUEDQ0501	F02						
HUPFPPlate4	E07	HUEDQ0527	E02						
HUPFPPlate4	B09	HUEDQ0500	D03						
HUPFPPlate4	C10	HUEDQ0518	F03						
HUPFPPlate4	G10	HUEDQ0518	G03						
HUPFPPlate4	E11	HUEDQ0500	E03						
HUPFPPlate4	G12	HUEDQ0500	A03						
HUPFP0022_2	A01	HUEDQ0513	B03	Miseq_023	186	HUEDQ0513_AIM2_1			
HUPFP0022_2	A02	HUEDQ0510	F03	Miseq_019	190	HUEDQ0510_AIM2_1			
HUPFP0022_2	B05	HUEDQ0510	G03	Miseq_019	191	HUEDQ0510_AIM2_1			
HUPFP0022_2	D06	HUEDQ0510	E03	Miseq_019	189	HUEDQ0510_AIM2_1			
HUPFP0068A3	A01	HUEDQ0561	E08	Miseq_097	157	HUEDQ0561_KDM5B_3			
HUPFP0068A3	B01	HUEDQ0563	G11	Miseq_100	183	HUEDQ0563_KAT6A_1	Wrong gene name on HUEDQ plate but I'm confident this is the correct clone		
HUPFP0068A3	D01	HUEDQ0561	H08	Miseq_097	160	HUEDQ0561_KDM5B_3			
HUPFP0068A3	F01	HUEDQ0561	G09	Miseq_097	167	HUEDQ0561_KDM5B_3			
HUPFP0068A3	H01	HUEDQ0561	B09	Miseq_097	162	HUEDQ0561_KDM5B_3			
HUPFP0068A3	A02	HUEDQ0561	F08	Miseq_097	158	HUEDQ0561_KDM5B_3			
HUPFP0068A3	C02	HUEDQ0561	G08	Miseq_097	159	HUEDQ0561_KDM5B_3			
HUPFP0068A3	D02	HUEDQ0561	A09	Miseq_097	161	HUEDQ0561_KDM5B_3			
HUPFP0068A3	D03	HUEDQ0577	A04	Miseq_108	217	HUEDQ0577_KDM5B			
HUPFP0068A3	E03	HUEDQ0561	D09	Miseq_097	164	HUEDQ0561_KDM5B_3			
HUPFP0068A3	B04	HUEDQ0563	F11	Miseq_100	182	HUEDQ0563_KAT6A_1	Wrong gene name on HUEDQ plate but I'm confident this is the correct clone		
HUPFP0068A3	D04	HUEDQ0577	B04	Miseq_108	218	HUEDQ0577_KDM5B			
HUPFP0068A3	G04	HUEDQ0561	H09	Miseq_097	168	HUEDQ0561_KDM5B_3			
HUPFP0068A3	D06	HUEDQ0577	C04	Miseq_108	219	HUEDQ0577_KDM5B			
HUPFP0068A3	H06	HUEDQ0577	E04	Miseq_108	221	HUEDQ0577_KDM5B			
HUPFP0068A3	A08	HUEDQ0561	C09	Miseq_097	163	HUEDQ0561_KDM5B_3			
HUPFP0068A3	E09	HUEDQ0561	E09	Miseq_097	165	HUEDQ0561_KDM5B_3			
HUPFP0068A3	E12	HUEDQ0561	F09	Miseq_097	166	HUEDQ0561_KDM5B_3			
HUPFP0068A3	G12	HUEDQ0577	D04	Miseq_108	220	HUEDQ0577_KDM5B			
HUMUT0001_2	A06	HUEDQ0524	A01	Miseq_037	145	HUEDQ0524_PMS2_2			
HUMUT0001_2	E03	HUEDQ0518	A01	Miseq_028	145	HUEDQ0518_PMS2_2			
HUMUT0001_2	F01	HUEDQ0519	C01	Miseq_030	171	HUEDQ0519_PMS2_2			
HUMUT0001_2	F02	HUEDQ0519	B01	Miseq_030	170	HUEDQ0519_PMS2_2			
HUMUT0001_2	F10	HUEDQ0519	D01	Miseq_030	172	HUEDQ0519_PMS2_2			
HUMUT0001_2	G07	HUEDQ0519	A01	Miseq_030	169	HUEDQ0519_PMS2_2			
HUPFP0073A3	H01	HUEDQ0578	B10	Miseq_110	74	HUEDQ0578_COBLL1_2			
HUPFP0073A3	H05	HUEDQ0578	B03	Miseq_110	18	HUEDQ0578_COBLL1_2			
HUPFP0029_4	A05	HUEDQ0521	D03	Miseq_033	188	HUEDQ0521_CHD7_2			
HUPFP0029_4	B08	HUEDQ0541	F03	Miseq_061	118	HUEDQ0541_CHD7_2			
HUPFP0029_4	G01	HUEDQ0541	E03	Miseq_061	117	HUEDQ0541_CHD7_2			
HUPFP0037_13	A12	HUEDQ0534	A02	Miseq_051	129	HUEDQ0534_LRRK2_2			
HUPFP0037_13	B11	HUEDQ0535	F02	Miseq_052	182	HUEDQ0535_5			
HUPFP0037_13	A09	HUEDQ0534	D02	Miseq_051	132	HUEDQ0534_LRRK2_2			
HUPFP0037_13	A06	HUEDQ0534	B02	Miseq_051	130	HUEDQ0534_LRRK2_2			
HUPFP0037_13	A08	HUEDQ0534	C02	Miseq_051	131	HUEDQ0534_LRRK2_2			
HUPFP0037_13	A02	HUEDQ0534	H01	Miseq_051	128	HUEDQ0534_LRRK2_2			
HUPFP0047_8	B04	HUEDQ0541	C03	Miseq_061	115	HUEDQ0541_KMT2C_2			
HUPFP0047_8	B05	HUEDQ0541	D03	Miseq_061	116	HUEDQ0541_KMT2C_2			
HUPFP0047_8	C07	HUEDQ0549	E01	Miseq_074	125	HUEDQ0549_KMT2C_2			
HUPFP0047_8	H07	HUEDQ0549	D01	Miseq_074	124	HUEDQ0549_KMT2C_2			
HUPFP0044_1	G12	HUEDQ0534	G02	Miseq_051	135	HUEDQ0534_FADS3_1			
HUPFP0044_1	A09	HUEDQ0534	E02	Miseq_051	133	HUEDQ0534_FADS3_1			
HUPFP0044_1	A08	HUEDQ0534	F02	Miseq_051	134	HUEDQ0534_FADS3_1			
HUPFP0044_1	B03	HUEDQ0535	C02	Miseq_052	179	HUEDQ0535_3			
HUPFP0044_1	B02	HUEDQ0534	H02	Miseq_051	136	HUEDQ0534_FADS3_1			
HUPFP0044_1	G02	HUEDQ0534	B03	Miseq_051	138	HUEDQ0534_FADS3_1			
HUPFP0044_1	C03	HUEDQ0534	A03	Miseq_051	137	HUEDQ0534_FADS3_1			
HUPFP0044_1	E01	HUEDQ0534	C03	Miseq_051	139	HUEDQ0534_FADS3_1			
HUPFP0044_1	F06	HUEDQ0535	B02	Miseq_052	178	HUEDQ0535_3			
HUPFP0028_14	A01	HUEDQ0518	G01	Miseq_028	151	HUEDQ0518_KAT6B_1			
HUPFP0028_14	G01	HUEDQ0518	F01	Miseq_028	150	HUEDQ0518_KAT6B_1			
HUPFP0028_14	H01	HUEDQ0521	C01	Miseq_033	171	HUEDQ0521_KAT6B_1			
HUPFP0028_14	E03	HUEDQ0521	A01	Miseq_033	169	HUEDQ0521_KAT6B_1			
HUPFP0028_14	H03	HUEDQ0518	A02	Miseq_028	153	HUEDQ0518_KAT6B_1			
HUPFP0028_14	F05	HUEDQ0518	H01	Miseq_028	152	HUEDQ0518_KAT6B_1			
HUPFP0028_14	H06	HUEDQ0521	B01	Miseq_033	170	HUEDQ0521_KAT6B_1			
HUPFPPlate10B	B03	HUEDQ0503	D01	Miseq_015	100	HUPEPD0503_KMT2A_1			
HUPFPPlate10B	B04	HUEDQ0513	D03	Miseq_023	188	HUEDQ0513_KMT2A_1			
HUPFPPlate10B	B07	HUEDQ0503	B01	Miseq_015	98	HUPEPD0503_KMT2A_1			
HUPFPPlate10B	F08	HUEDQ0503	C01	Miseq_015	99	HUPEPD0503_KMT2A_1			
HUPFPPlate10B	H09	HUEDQ0503	A01	Miseq_015	97	HUPEPD0503_KMT2A_1			
HUPFPPlate10B	D11	HUEDQ0501	F01	Miseq_009_2ndQC	41	HUEDQ0501_KMT2A_1			
HUPFPPlate10B	G11	HUEDQ0501	G01	Miseq_009_2ndQC	49	HUEDQ0501_KMT2A_1			
HUPFP0025_8	A10	HUEDQ0514	D02	Miseq_023	156	HUEDQ0514_ARHGAP35_1			
HUPFP0025_8	C12	HUEDQ0524	D03	Miseq_037	164	HUEDQ0524_ARHGAP35_1			
HUPFP0025_8	A11	HUEDQ0514	E02	Miseq_023	157	HUEDQ0514_ARHGAP35_1			
HUPFP0025_8	F09	HUEDQ0516	E01	Miseq_027	101	HUEDQ0516_ARHGAP35_1			
HUPFP0025_8	A03	HUEDQ0514	F02	Miseq_023	158	HUEDQ0514_ARHGAP35_1			
HUPFP0025_8	C04	HUEDQ0516	F01	Miseq_027	102	HUEDQ0516_ARHGAP35_1			
HUPFP0090A3	C01	HUEDQ0568	B11						
HUPFP0090A3	D01	HUEDQ0569	D10						
HUPFP0090A3	B02	HUEDQ0568	A11						
HUPFP0090A3	D02	HUEDQ0573	C10						
HUPFP0090A3	C03	HUEDQ0569	A10						
HUPFP0090A3	D03	HUEDQ0568	C11						
HUPFP0090A3	H03	HUEDQ0568	D11						
HUPFP0090A3	E05	HUEDQ0569	E10						
HUPFP0090A3	A08	HUEDQ0569	C10						
HUPFP0090A3	H09	HUEDQ0569	F10						
HUPFP0090A3	E10	HUEDQ0569	B10						
HUPFP0090A3	A11	HUEDQ0574	G08						
HUPFP0037_4	B07	HUEDQ0527	E03	Miseq_040	189	HUEDQ0527_SNCA_1			
HUPFP0037_4	B09	HUEDQ0527	D03	Miseq_040	188	HUEDQ0527_SNCA_1			
HUPFP0037_4	A02	HUEDQ0527	A03	Miseq_040	185	HUEDQ0527_SNCA_1			
HUPFP0037_4	A04	HUEDQ0527	G03	Miseq_040	191	HUEDQ0527_SNCA_1			
HUPFP0037_4	A01	HUEDQ0527	B03	Miseq_040	186	HUEDQ0527_SNCA_1			
HUPFP0037_4	A08	HUEDQ0527	C03	Miseq_040	197	HUEDQ0527_SNCA_1			
HUPFP0037_4	B04	HUEDQ0527	F03	Miseq_040	190	HUEDQ0527_SNCA_1			
HUPFP0037_4	C04	HUEDQ0529	D01	Miseq_043	148	HUEDQ0529_SNCA_1			
HUPFP0020_10	E08	HUEDQ0510	G02	Miseq_019	183	HUEDQ0510_ARID1B_3			
HUPFP0020_10	C12	HUEDQ0510	H02	Miseq_019	184	HUEDQ0510_ARID1B_3			
HUPFP0020_10	G05	HUEDQ0541	E02	Miseq_061	109	HUEDQ0541_ARID1B_3			
HUPFP0020_10	G07	HUEDQ0541	F02	Miseq_061	110	HUEDQ0541_ARID1B_3			
HUPFP0033_9	A08	HUEDQ0525	A01	Miseq_037	169	HUEDQ0525_MSL3_4			
HUPFP0033_9	G06	HUEDQ0548	H03	Miseq_071	192	HUEDQ0548_MSL3_4			
HUPFP0033_9	A02	HUEDQ0541	B02	Miseq_061	106	HUEDQ0541_MSL3_4			
HUPFP0033_9	D05	HUEDQ0525	F01	Miseq_037	174	HUEDQ0525_MSL3_4			
HUPFP0033_9	H09	HUEDQ0537	F03	Miseq_054	142	HUEDQ0537_MSL3_4			
HUPFP0033_9	F09	HUEDQ0525	B01	Miseq_037	170	HUEDQ0525_MSL3_4			
HUPFP0033_9	G03	HUEDQ0525	E01	Miseq_037	173	HUEDQ0525_MSL3_4			
HUPFP0033_9	G05	HUEDQ0548	G03	Miseq_071	191	HUEDQ0548_MSL3_4			
HUPFP0033_9	F05	HUEDQ0541	C02	Miseq_061	107	HUEDQ0541_MSL3_4			
HUPFP0033_9	A05	HUEDQ0525	D01	Miseq_037	172	HUEDQ0525_MSL3_4			
HUPFP0033_9	C07	HUEDQ0537	G03	Miseq_054	143	HUEDQ0537_MSL3_4			
HUPFP0033_9	G04	HUEDQ0537	H03	Miseq_054	144	HUEDQ0537_MSL3_4			
HUPFP0033_9	C02	HUEDQ0525	C01	Miseq_037	171	HUEDQ0525_MSL3_4			
HUPFP0033_9	A06	HUEDQ0541	D02	Miseq_061	108	HUEDQ0541_MSL3_4			
HUPFP0067A7	A01	HUEDQ0558	A08	Miseq_092	153	HUEDQ0558_KMT5B			
HUPFP0067A7	F01	HUEDQ0558	D08	Miseq_092	156	HUEDQ0558_KMT5B			
HUPFP0067A7	A02	HUEDQ0604WRONG	G03	Miseq_121	311	HUEDQ0604_KMT5B	Should be HUEDQ0604		
HUPFP0067A7	C03	HUEDQ0558	C08	Miseq_092	155	HUEDQ0558_KMT5B			
HUPFP0067A7	F03	HUEDQ0604WRONG	G04	Miseq_121	319	HUEDQ0604_KMT5B	Should be HUEDQ0604		
HUPFP0067A7	A04	HUEDQ0558	B08	Miseq_092	154	HUEDQ0558_KMT5B			
HUPFP0067A7	H04	HUEDQ0558	F08	Miseq_092	158	HUEDQ0558_KMT5B			
HUPFP0067A7	A07	HUEDQ0559	A07	Miseq_093	145	HUEDQ0559_KMT5B_2	E05	Wrong clones added to HUEDQ plate	
HUPFP0067A7	B07	HUEDQ0559	B07	Miseq_093	146	HUEDQ0559_KMT5B_2	E06	Wrong clones added to HUEDQ plate	
HUPFP0067A7	C07	HUEDQ0559	C07	Miseq_093	147	HUEDQ0559_KMT5B_2	E11	Wrong clones added to HUEDQ plate	
HUPFP0067A7	D07	HUEDQ0559	D07	Miseq_093	148	HUEDQ0559_KMT5B_2	A03	Wrong clones added to HUEDQ plate	
HUPFP0067A7	E07	HUEDQ0559	E07	Miseq_093	149	HUEDQ0559_KMT5B_2	E07	Wrong clones added to HUEDQ plate	
HUPFP0067A7	F07	HUEDQ0559	F07	Miseq_093	150	HUEDQ0559_KMT5B_2	G07	Wrong clones added to HUEDQ plate	
HUPFP0067A7	F09	HUEDQ0558	E08	Miseq_092	157	HUEDQ0558_KMT5B			
HUPFP0035_13	F06	HUEDQ0534	H03	Miseq_051	144	HUEDQ0534_SOX5_1			
HUPFP0035_13	A06	HUEDQ0530	F01	Miseq_043	174	HUEDQ0530_SOX5_1			
HUPFP0035_13	G06	HUEDQ0530	D01	Miseq_043	172	HUEDQ0530_SOX5_1			
HUPFP0035_13	A11	HUEDQ0530	C01	Miseq_043	171	HUEDQ0530_SOX5_1			
HUPFP0035_13	D06	HUEDQ0533	F03	Miseq_049	190	HUEDQ0533_SOX5_1			
HUPFP0035_13	B06	HUEDQ0530	A01	Miseq_043	169	HUEDQ0530_SOX5_1			
HUPFP0035_13	A10	HUEDQ0530	E01	Miseq_043	173	HUEDQ0530_SOX5_1			
HUPFP0035_13	E06	HUEDQ0535	A03	Miseq_052	185	HUEDQ0535_8			
HUPFP0035_13	A05	HUEDQ0530	B01	Miseq_043	170	HUEDQ0530_SOX5_1			
HUPFP0035_13	A12	HUEDQ0532	F03	Miseq_048	190	HUEDQ0532_SOX5_1			
HUPFP0007_4	D01	HUEDQ0505	D01	Miseq_016	100	HUEDQ0505_MGST_1			
HUPFP0007_4	H01	HUEDQ0513	F03	Miseq_023	190	HUEDQ0513_MGST_1			
HUPFP0007_4	A03	HUEDQ0505	E01	Miseq_016	101	HUEDQ0505_MGST_1			
HUPFP0007_4	B03	HUEDQ0505	B01	Miseq_016	98	HUEDQ0505_MGST_1			
HUPFP0007_4	E03	HUEDQ0513	E03	Miseq_023	189	HUEDQ0513_MGST_1			
HUPFP0007_4	A07	HUEDQ0505	F01	Miseq_016	102	HUEDQ0505_MGST_1			
HUPFP0007_4	A08	HUEDQ0505	A01	Miseq_016	97	HUEDQ0505_MGST_1			
HUPFP0007_4	D08	HUEDQ0505	C01	Miseq_016	99	HUEDQ0505_MGST_1			
HUPFP0037_11	D11	HUEDQ0535	E02	Miseq_052	181	HUEDQ0535_4			
HUPFP0037_11	D08	HUEDQ0533	H02	Miseq_049	184	HUEDQ0533_INPP5D_2			
HUPFP0037_11	B05	HUEDQ0533	B03	Miseq_049	186	HUEDQ0533_INPP5D_2			
HUPFP0037_11	C12	HUEDQ0533	G02	Miseq_049	183	HUEDQ0533_INPP5D_2			
HUPFP0037_11	F07	HUEDQ0535	D02	Miseq_052	180	HUEDQ0535_4			
HUPFP0037_11	H04	HUEDQ0533	A03	Miseq_049	185	HUEDQ0533_INPP5D_2			
HUPFP0030_5	F05	HUEDQ0527	H03	Miseq_040	192	HUEDQ0527_TCF4_1			
HUPFP0030_5	A07	HUEDQ0549	D02	Miseq_074	132	HUEDQ0549_TCF4_2			
HUPFP0030_5	A11	HUEDQ0529	C02	Miseq_043	155	HUEDQ0529_TCF4_2			
HUPFP0030_5	F10	HUEDQ0550	E01	Miseq_076	165	HUEDQ0550_TCF4			
HUPFP0030_5	B12	HUEDQ0529	B02	Miseq_043	154	HUEDQ0529_TCF4_2			
HUPFP0030_5	A05	HUEDQ0529	A02	Miseq_043	153	HUEDQ0529_TCF4_2			
HUPFP0030_5	E10	HUEDQ0550	F01	Miseq_076	166	HUEDQ0550_TCF4			
HUPFP0045_12	F02	HUEDQ0534	E03	Miseq_051	141	HUEDQ0534_PLA2G6_2			
HUPFP0045_12	A01	HUEDQ0534	D03	Miseq_051	140	HUEDQ0534_PLA2G6_2			
HUPFP0045_12	A03	HUEDQ0534	F03	Miseq_051	142	HUEDQ0534_PLA2G6_2			
HUPFP0045_12	G01	HUEDQ0537	G02	Miseq_054	135	HUEDQ0537_PLA2G6_2			
HUPFP0045_12	E02	HUEDQ0537	F02	Miseq_054	134	HUEDQ0537_PLA2G6_2			
PDX1_1_FPDM2	H04	HUEDQ0503	G03	Miseq_015	119	HUPEPD0503_PDX1_1	PDX1 knockout in the FPDM2 cell line		
PDX1_1_FPDM2	C05	HUEDQ0507	F01	Miseq_018	102	HUEDQ0507_PDX1_1	PDX1 knockout in the FPDM2 cell line		
PDX1_1_FPDM2	G06	HUEDQ0503	E03	Miseq_015	117	HUPEPD0503_PDX1_1	PDX1 knockout in the FPDM2 cell line		
PDX1_1_FPDM2	E09	HUEDQ0503	D03	Miseq_015	116	HUPEPD0503_PDX1_1	PDX1 knockout in the FPDM2 cell line		
PDX1_1_FPDM2	G10	HUEDQ0503	F03	Miseq_015	118	HUPEPD0503_PDX1_1	PDX1 knockout in the FPDM2 cell line		
PDX1_1_FPDM2	A11	HUEDQ0503	H03	Miseq_015	120	HUPEPD0503_PDX1_1	PDX1 knockout in the FPDM2 cell line		
HUPFP0038_3	A11	HUEDQ0534	C01	Miseq_051	123	HUEDQ0534_CD2AP_1			
HUPFP0038_3	A01	HUEDQ0534	G01	Miseq_051	127	HUEDQ0534_CD2AP_1			
HUPFP0038_3	G08	HUEDQ0534	F01	Miseq_051	126	HUEDQ0534_CD2AP_1			
HUPFP0038_3	A04	HUEDQ0534	D01	Miseq_051	124	HUEDQ0534_CD2AP_1			
HUPFP0038_3	B05	HUEDQ0535	G02	Miseq_052	183	HUEDQ0535_6			
HUPFP0038_3	B07	HUEDQ0534	B01	Miseq_051	122	HUEDQ0534_CD2AP_1			
HUPFP0038_3	D05	HUEDQ0534	E01	Miseq_051	125	HUEDQ0534_CD2AP_1			
HUPFP0038_3	H01	HUEDQ0534	A01	Miseq_051	121	HUEDQ0534_CD2AP_1			
HUPFP0011_2	A01	HUEDQ0503	C02	Miseq_015	107	HUPEPD0503_RAB13_1			
HUPFP0011_2	C01	HUEDQ0503	B02	Miseq_015	106	HUPEPD0503_RAB13_1			
HUPFP0011_2	E01	HUEDQ0503	A02	Miseq_015	105	HUPEPD0503_RAB13_1			
HUPFP0011_2	G04	HUEDQ0505	G03	Miseq_016	119	HUEDQ0505_RAB13_1			
HUPFPPlate10	A03	HUEDQ0501	H02				Cannot find these clones on the associated Miseq		
HUPFPPlate10	B03	HUEDQ0501	B02				Cannot find these clones on the associated Miseq		
HUPFPPlate10	C03	HUEDQ0507	F03	Miseq_018	118	HUEDQ0507_KMT2C_1			
HUPFPPlate10	D03	HUEDQ0507	E03	Miseq_018	117	HUEDQ0507_KMT2C_1			
HUPFPPlate10	A05	HUEDQ0507	G03	Miseq_018	119	HUEDQ0507_KMT2C_1			
HUPFPPlate10	F06	HUEDQ0505	C02				Cannot find these clones on the associated Miseq		
HUPFPPlate10	G06	HUEDQ0505	D02				Cannot find these clones on the associated Miseq		
HUPFP0031_7	A12	HUEDQ0521	G02	Miseq_033	183	HUEDQ0521_BAP1_3			
HUPFP0031_7	C02	HUEDQ0521	F02	Miseq_033	182	HUEDQ0521_BAP1_3			
HUPFP0031_7	E04	HUEDQ0527	F02	Miseq_040	182	HUEDQ0527_BAP1_3	Should be E05		
HUPFP0031_7	G04	HUEDQ0522	D03	Miseq_033	164	HUEDQ0522_BAP1_3			
HUPFPPlate7	H01	HUEDQ0500	C02	Miseq_005	11	BCL11A1_1_G			
HUPFPPlate7	B03	HUEDQ0500	A02	Miseq_005	9	BCL11A1_1_G			
HUPFPPlate7	H04	HUEDQ0500	G01	Miseq_005	7	BCL11A1_1_G			
HUPFPPlate7	C05	HUEDQ0500	H01	Miseq_005	8	BCL11A1_1_G			
HUPFPPlate7	E05	HUEDQ0500	B02	Miseq_005	10	BCL11A1_1_G			
HUPFPPlate7	F05	HUEDQ0500	F01	Miseq_005	6	BCL11A1_1_G			
HUPFP0023_5	G12	HUEDQ0512	F02	Miseq_022	191	HUEDQ0512_A_SATB2_2			
HUPFP0023_5	G10	HUEDQ0514	H01	Miseq_023	152	HUEDQ0514_SATB2_2			
HUPFP0023_5	H10	HUEDQ0514	G01	Miseq_023	151	HUEDQ0514_SATB2_2			
HUPFP0023_5	B07	HUEDQ0512	E02	Miseq_022	190	HUEDQ0512_A_SATB2_2			
HUPFP0023_5	A02	HUEDQ0511	G02	Miseq_021	135	HUEDQ0511_SATB2_2			
HUPFP0023_5	A09	HUEDQ0511	H02	Miseq_021	136	HUEDQ0511_SATB2_2			
HUPFP0037_6	C11	HUEDQ0532	E03	Miseq_048	189	HUEDQ0532_POGZ_1			
HUPFP0037_6	D10	HUEDQ0527	D01	Miseq_040	172	HUEDQ0527_POGZ_1			
HUPFP0037_6	C04	HUEDQ0527	C01	Miseq_040	171	HUEDQ0527_POGZ_1			
HUPFP0037_6	B03	HUEDQ0529	H01	Miseq_043	152	HUEDQ0529_POGZ_1			
HUPFP0028_8	F04	HUEDQ0517	C02	Miseq_028	131	HUEDQ0517_KMT5B_2			
HUPFP0028_8	G06	HUEDQ0519	G03	Miseq_030	191	HUEDQ0519_KMT5B_2			
HUPFP0028_8	H12	HUEDQ0517	B02	Miseq_028	130	HUEDQ0517_KMT5B_2			
HUPFP0028_8	F08	HUEDQ0521	C03	Miseq_033	187	HUEDQ0521_KMT5B_1			
HUPFP0028_8	F09	HUEDQ0519	F03	Miseq_030	190	HUEDQ0519_KMT5B_2			
HUPFP0028_8	F03	HUEDQ0517	E02	Miseq_028	133	HUEDQ0517_KMT5B_2			
HUPFP0028_8	D04	HUEDQ0517	A02				Incorrect gene, clone in this location on the HUEDQ plate is KAT6A_1 D04		
HUPFP0028_8	B06	HUEDQ0517	D02	Miseq_028	132	HUEDQ0517_KMT5B_2			
HUPFP0018_3	D12	HUEDQ0514	H02	Miseq_023	160	HUEDQ0514_GATAD2B_1			
HUPFP0018_3	F11	HUEDQ0514	G02	Miseq_023	159	HUEDQ0514_GATAD2B_1			
HUPFP0018_3	A08	HUEDQ0504	F02	Miseq_015	134	HUPEPD0504_GATAD2B_1			
HUPFP0018_3	A07	HUEDQ0504	D02	Miseq_015	132	HUPEPD0504_GATAD2B_1			
HUPFP0018_3	A09	HUEDQ0504	A03	Miseq_015	137	HUPEPD0504_GATAD2B_1			
HUPFP0018_3	E04	HUEDQ0504	E02	Miseq_015	133	HUPEPD0504_GATAD2B_1			
HUPFP0018_3	A05	HUEDQ0504	G02	Miseq_015	135	HUPEPD0504_GATAD2B_1			
HUPFP0018_3	E02	HUEDQ0504	H02	Miseq_015	136	HUPEPD0504_GATAD2B_1			
HUPFP0069B7	E01	HUEDQ0569	C11	Miseq_104	179	HUEDQ0569_POGZ_1			
HUPFP0069B7	G01	HUEDQ0569	H11	Miseq_104	184	HUEDQ0569_POGZ_1			
HUPFP0069B7	A02	HUEDQ0569	E11	Miseq_104	181	HUEDQ0569_POGZ_1			
HUPFP0069B7	D03	HUEDQ0569	F11	Miseq_104	182	HUEDQ0569_POGZ_1			
HUPFP0069B7	F03	HUEDQ0569	G11	Miseq_104	183	HUEDQ0569_POGZ_1			
HUPFP0069B7	F06	HUEDQ0604WRONG	G05	Miseq_121	327	HUEDQ0604_POGZ			
HUPFP0069B7	G10	HUEDQ0569	A12	Miseq_104	185	HUEDQ0569_POGZ_1			
HUPFP0038_9	E02	HUEDQ0537	A01	Miseq_054	121	HUEDQ0537_SET_1			
HUPFP0038_9	B04	HUEDQ0537	C01	Miseq_054	123	HUEDQ0537_SET_1			
HUPFP0038_9	F01	HUEDQ0537	B01	Miseq_054	122	HUEDQ0537_SET_1			
HUPFP0038_9	C04	HUEDQ0549	E02	Miseq_074	133	HUEDQ0549_SET_1			
HUPFP0090A1	B01	HUEDQ0568	F10	Miseq_102	174	HUEDQ0568_CTNNB1_4			
HUPFP0090A1	B02	HUEDQ0568	A10	Miseq_102	169	HUEDQ0568_CTNNB1_4			
HUPFP0090A1	C02	HUEDQ0576	D11	Miseq_108	180	HUEDQ0576_CTNNB1			
HUPFP0090A1	F04	HUEDQ0568	C10	Miseq_102	171	HUEDQ0568_CTNNB1_4			
HUPFP0090A1	B07	HUEDQ0568	B10	Miseq_102	170	HUEDQ0568_CTNNB1_4			
HUPFP0090A1	H08	HUEDQ0576	F11	Miseq_108	182	HUEDQ0576_CTNNB1			
HUPFP0090A1	F09	HUEDQ0568	D10	Miseq_102	172	HUEDQ0568_CTNNB1_4			
HUPFP0090A1	H09	HUEDQ0568	H10	Miseq_102	176	HUEDQ0568_CTNNB1_4			
HUPFP0090A1	C11	HUEDQ0568	G10	Miseq_102	175	HUEDQ0568_CTNNB1_4			
HUPFP0090A1	F11	HUEDQ0568	E10	Miseq_102	173	HUEDQ0568_CTNNB1_4			
HUPFP0090A1	G12	HUEDQ0576	E11	Miseq_108	181	HUEDQ0576_CTNNB1			
HUPFP0007_1	A02	HUEDQ0504	E03	Miseq_015	141	HUPEPD0504_MCEMP1_1			
HUPFP0007_1	E02	HUEDQ0512	G03	Miseq_021	167	HUEDQ0512_MCEMP1_1			
HUPFP0007_1	G02	HUEDQ0511	B03	Miseq_021	138	HUEDQ0511_MCEMP1_1			
HUPFP0007_1	A03	HUEDQ0505	E02	Miseq_016	109	HUEDQ0505_MCEMP1_1			
HUPFP0007_1	E08	HUEDQ0504	F03	Miseq_015	142	HUPEPD0504_MCEMP1_1			
HUPFP0007_1	E09	HUEDQ0505	F02	Miseq_016	110	HUEDQ0505_MCEMP1_1			
HUPFP0007_1	D10	HUEDQ0514	F03	Miseq_023	166	HUEDQ0514_MCEMP1_1			
HUPFP0066A8	A03	HUEDQ0549	A03				[Miseq_074_A15; Miseq_076_C13]		
HUPFP0093A4	F01	HUEDQ0575	D11				[Miseq_106_D23; Miseq_107_D23]		
HUPFP0093A4	B06	HUEDQ0575	C11				[Miseq_106_C23; Miseq_107_C23]		
HUPFP0093B3	A02	HUEDQ0575	A10				[Miseq_106_A22; Miseq_107_A22]		
HUPFP0092A2	G10	HUEDQ0586	G01				[Miseq_114_G01; Miseq_114_G13]		
HUPFP0094A7	B01	HUEDQ0587	E04				[Miseq_115_M04; Miseq_115_E16]		
HUPFP0094A7	E07	HUEDQ0587	D04				[Miseq_115_D16; Miseq_115_L04]		
HUPFP0095A2	A01	HUEDQ0586	A01				[Miseq_114_A13; Miseq_114_A01]		
HUPFP0094B2	E02	HUEDQ0586	E01				[Miseq_114_E01; Miseq_114_E13]		
HUPFP0094A1	A11	HUEDQ0587	C04				[Miseq_115_K04; Miseq_115_C16]		
HUPFP0094A1	E11	HUEDQ0587	A04				[Miseq_115_A16; Miseq_115_I04]		
HUPFP0094A1	B12	HUEDQ0587	B04				[Miseq_115_B16; Miseq_115_J04]		
HUPFP0095A2	D02	HUEDQ0586	D01				[Miseq_114_D01; Miseq_114_D13]		
HUPFP0095A2	A05	HUEDQ0586	B01				[Miseq_114_B13; Miseq_114_B01]		
HUPFP0095A2	A09	HUEDQ0586	C01				[Miseq_114_C13; Miseq_114_C01]		
HUPFP0082A1	C01	HUEDQ0587	G01				[Miseq_115_G13; Miseq_115_O01]		
HUPFP0082A1	E02	HUEDQ0587	D01				[Miseq_115_L01; Miseq_115_D13]		
HUPFP0082A1	G03	HUEDQ0587	D02				[Miseq_115_D14; Miseq_115_L02]		
HUPFP0082A1	F04	HUEDQ0587	E01				[Miseq_115_E13; Miseq_115_M01]		
HUPFP0082A1	F05	HUEDQ0587	C01				[Miseq_115_C13; Miseq_115_K01]		
HUPFP0082A1	A06	HUEDQ0587	B01				[Miseq_115_B13; Miseq_115_J01]		
HUPFP0082A1	B06	HUEDQ0587	F01				[Miseq_115_F13; Miseq_115_N01]		
HUPFP0082A1	E06	HUEDQ0587	C02				[Miseq_115_C14; Miseq_115_K02]		
HUPFP0082A1	B09	HUEDQ0587	H01				[Miseq_115_H13; Miseq_115_P01]		
HUPFP0082A1	C09	HUEDQ0587	A02				[Miseq_115_I02; Miseq_115_A14]		
HUPFP0082A1	B12	HUEDQ0587	A01				[Miseq_115_A13; Miseq_115_I01]		
HUPFP0082A1	C12	HUEDQ0587	B02				[Miseq_115_B14; Miseq_115_J02]		
HUPFP0083A9	G01	HUEDQ0587	F02				[Miseq_115_N02; Miseq_115_F14]		
HUPFP0094A1	H01	HUEDQ0587	G03				[Miseq_115_G15; Miseq_115_O03]		
HUPFP0094A1	E03	HUEDQ0587	H03				[Miseq_115_H15; Miseq_115_P03]		
HUPFP0083A9	E02	HUEDQ0587	F03				[Miseq_115_N03; Miseq_115_F15]		
HUPFP0083A9	C05	HUEDQ0587	E02				[Miseq_115_E14; Miseq_115_M02]		
HUPFP0083A9	F05	HUEDQ0587	D03				[Miseq_115_L03; Miseq_115_D15]		
HUPFP0083A9	H06	HUEDQ0587	G02				[Miseq_115_O02; Miseq_115_G14]		
HUPFP0083A9	D07	HUEDQ0587	H02				[Miseq_115_P02; Miseq_115_H14]		
HUPFP0083A9	H07	HUEDQ0587	C03				[Miseq_115_K03; Miseq_115_C15]		
HUPFP0083A9	G11	HUEDQ0587	B03				[Miseq_115_B15; Miseq_115_J03]		
HUPFP0083A9	H11	HUEDQ0587	A03				[Miseq_115_A15; Miseq_115_I03]		
HUPFP0083A9	B12	HUEDQ0587	E03				[Miseq_115_M03; Miseq_115_E15]		
HUPFP0100A5	C01	HUEDQ0610	D04				[MiSEQ_123_D16; MiSEQ_123_L04]		
HUPFP0100A5	C02	HUEDQ0610	E04				[MiSEQ_123_E16; MiSEQ_123_M04]		
HUPFP0100A5	B03	HUEDQ0610	B05				[MiSEQ_123_B17; MiSEQ_123_J05]		
HUPFP0100A5	A06	HUEDQ0610	C04				[MiSEQ_123_C16; MiSEQ_123_K04]		
HUPFP0100A5	E07	HUEDQ0610	F04				[MiSEQ_123_F16; MiSEQ_123_N04]		
HUPFP0100A5	H07	HUEDQ0610	H04				[MiSEQ_123_P04; MiSEQ_123_H16]		
HUPFP0100A5	C09	HUEDQ0610	C05				[MiSEQ_123_C17; MiSEQ_123_K05]		
HUPFP0100A5	A10	HUEDQ0610	A05				[MiSEQ_123_A17; MiSEQ_123_I05]		
HUPFP0100A5	D10	HUEDQ0610	D05				[MiSEQ_123_D17; MiSEQ_123_L05]		
HUPFP0100A5	D11	HUEDQ0610	E05				[MiSEQ_123_M05; MiSEQ_123_E17]		
HUPFP0102B14	A02	HUEDQ0610	H02				[MiSEQ_123_H14; MiSEQ_123_P02]		
HUPFP0102B14	C10	HUEDQ0610	F03				[MiSEQ_123_N03; MiSEQ_123_F15]		
HUPFP0102B14	B12	HUEDQ0610	C03				[MiSEQ_123_K03; MiSEQ_123_C15]		
HUPFP0100A5	E05	HUEDQ0610	F05				[MiSEQ_123_F17; MiSEQ_123_N05]		
HUPFP0100A5	H05	HUEDQ0610	G04				[MiSEQ_123_O04; MiSEQ_123_G16]		
HUPFP0087B5	B01	HUEDQ0610	B01				[MiSEQ_123_J01; MiSEQ_123_B13]		
HUPFP0087B5	A02	HUEDQ0610	A01				[MiSEQ_123_A13; MiSEQ_123_I01]		
HUPFP0087B5	B02	HUEDQ0610	C01				[MiSEQ_123_C13; MiSEQ_123_K01]		
HUPFP0102B14	F03	HUEDQ0610	E03				[MiSEQ_123_E15; MiSEQ_123_M03]		
HUPFP0102B14	G03	HUEDQ0610	A04				[MiSEQ_123_A16; MiSEQ_123_I04]		
HUPFP0102B14	D04	HUEDQ0610	G03				[MiSEQ_123_G15; MiSEQ_123_O03]		
HUPFP0102B14	G04	HUEDQ0610	B04				[MiSEQ_123_B16; MiSEQ_123_J04]		
HUPFP0102B14	B05	HUEDQ0610	B03				[MiSEQ_123_B15; MiSEQ_123_J03]		
HUPFP0102B14	D05	HUEDQ0610	H03				[MiSEQ_123_H15; MiSEQ_123_P03]		
HUPFP0102B14	A07	HUEDQ0610	A03				[MiSEQ_123_I03; MiSEQ_123_A15]		
HUPFP0102B14	E07	HUEDQ0610	D03				[MiSEQ_123_L03; MiSEQ_123_D15]		
HUPFP0102A8	A01	HUEDQ0610	B02				[MiSEQ_123_J02; MiSEQ_123_B14]		
HUPFP0102A8	H01	HUEDQ0610	H01				[MiSEQ_123_P01; MiSEQ_123_H13]		
HUPFP0102A8	B02	HUEDQ0610	E01				[MiSEQ_123_E13; MiSEQ_123_M01]		
HUPFP0102B8	C09	HUEDQ0610	E02				[MiSEQ_123_E14; MiSEQ_123_M02]		
HUPFP0102A8	G02	HUEDQ0610	G01				[MiSEQ_123_G13; MiSEQ_123_O01]		
HUPFP0102A8	H04	HUEDQ0610	D02				[MiSEQ_123_D14; MiSEQ_123_L02]		
HUPFP0102B8	E09	HUEDQ0610	F02				[MiSEQ_123_F14; MiSEQ_123_N02]		
HUPFP0102B8	F11	HUEDQ0610	G02				[MiSEQ_123_G14; MiSEQ_123_O02]		
HUPFP0106A2	F06	HUEDQ0610	D06				[MiSEQ_123_D18; MiSEQ_123_L06]		
HUPFP0102A8	C09	HUEDQ0610	C02				[MiSEQ_123_C14; MiSEQ_123_K02]		
HUPFP0102A8	B11	HUEDQ0610	F01				[MiSEQ_123_N01; MiSEQ_123_F13]		
HUPFP0102A8	A12	HUEDQ0610	D01				[MiSEQ_123_L01; MiSEQ_123_D13]		
HUPFP0102A8	H12	HUEDQ0610	A02				[MiSEQ_123_I02; MiSEQ_123_A14]		
HUPFP0106B2	D01	HUEDQ0610	A06				[MiSEQ_123_I06; MiSEQ_123_A18]		
HUPFP0106B2	G01	HUEDQ0610	F06				[MiSEQ_123_F18; MiSEQ_123_N06]		
HUPFP0106B2	A02	HUEDQ0610	G05				[MiSEQ_123_G17; MiSEQ_123_O05]		
HUPFP0106B2	H04	HUEDQ0610	B06				[MiSEQ_123_B18; MiSEQ_123_J06]		
HUPFP0106B2	A05	HUEDQ0610	E06				[MiSEQ_123_M06; MiSEQ_123_E18]		
HUPFP0106B2	A07	HUEDQ0610	H05				[MiSEQ_123_H17; MiSEQ_123_P05]		
HUPFP0106B2	E10	HUEDQ0610	C06				[MiSEQ_123_K06; MiSEQ_123_C18]		
HUPFP0031_1	G05	HUEDQ0544	H10	Miseq_068	176	HUEDQ0544_CHD4_2			
HUPFP0007_1 	E02	HUEDQ0512	G03	Miseq_021	167	HUEDQ0512_MCEMP1_1			
HUPFP0015_2	G02	HUEDQ0510	D02	Miseq_022	104	HUEDQ0510_C_KDM5B_1			
HUPFP0015_2	A03	HUEDQ0510	E02	Miseq_022	105	HUEDQ0510_C_KDM5B_1			
HUPFP0015_2	B05	HUEDQ0510	F02	Miseq_022	106	HUEDQ0510_C_KDM5B_1			
HUPFP0057A3	D12	HUEDQ0546	A03	Miseq_070	113	HUEDQ0546_LGR6_1			
HUPFP0066A8	A01	HUEDQ0549	C03	Miseq_076	109	HUEDQ0549_Z_SPEN_2			
HUPFP0066A8	B02	HUEDQ0549	H02	Miseq_076	98	HUEDQ0549_Z_SPEN_2			
HUPFP0066A6	F01	HUEDQ0550	E02	Miseq_076	108	HUEDQ0550_Z_SETBP1_2			
HUPFP0066A6	A02	HUEDQ0549	F03	Miseq_076	104	HUEDQ0549_Z_SETBP1_2			
HUPFP0066A6	E03	HUEDQ0549	E03	Miseq_076	103	HUEDQ0549_Z_SETBP1_2			
HUPFP0066A6	B04	HUEDQ0550	C02	Miseq_076	106	HUEDQ0550_Z_SETBP1_2			
HUPFP0066A6	G06	HUEDQ0549	G03	Miseq_076	105	HUEDQ0549_Z_SETBP1_2			
HUPFP0066A6	B11	HUEDQ0550	D02	Miseq_076	107	HUEDQ0550_Z_SETBP1_2			
HUPFP0066A8	A08	HUEDQ0549	B03	Miseq_076	100	HUEDQ0549_Z_SPEN_2			
HUPFP0066A8	G08	HUEDQ0550	A03	Miseq_076	110	HUEDQ0549_Z_SPEN_2			
HUPFP0066A8	D09	HUEDQ0549	D03	Miseq_076	102	HUEDQ0549_Z_SPEN_2			
HUPFP0091A2	C06	HUEDQ0575	A11	Miseq_107	177	HUEDQ0575_AUTS2			
HUPFP0091A2	A07	HUEDQ0575	G10	Miseq_107	175	HUEDQ0575_AUTS2			
HUPFP0091A2	D07	HUEDQ0575	B11	Miseq_107	178	HUEDQ0575_AUTS2			
HUPFP0091B3	C03	HUEDQ0575	F11	Miseq_107	182	HUEDQ0575_CHD2			
HUPFP0091A2	B11	HUEDQ0575	H10	Miseq_107	176	HUEDQ0575_AUTS2			
HUPFP0093B3	A02	HUEDQ0575	A10	Miseq_107	169	HUEDQ0575_KPTN			
HUPFP0093A3	B02	HUEDQ0575	E10	Miseq_107	174	HUEDQ0575_KPTN			
HUPFP0093A3	A04	HUEDQ0575	B10	Miseq_107	170	HUEDQ0575_KPTN			
HUPFP0093A3	F06	HUEDQ0575	F10	Miseq_107	173	HUEDQ0575_KPTN			
HUPFP0093A3	A09	HUEDQ0575	C10	Miseq_107	171	HUEDQ0575_KPTN			
HUPFP0093A3	C12	HUEDQ0575	D10	Miseq_107	172	HUEDQ0575_KPTN			
HUPFP0092A4	B08	HUEDQ0575	G11	Miseq_107	183	HUEDQ0575_CHD3			
HUPFP0093A2	F03	HUEDQ0575	E11	Miseq_107		HUEDQ0575_AHDC1			