fp_plate	fp_well	piq_plate	piq_well	miseq_plate	miseq_well	miseq_experiment_name	notes	in_db_gene	in_db_piq	in_db_miseq	in_db_miseq_experiments
HUPFP0027_11	D01						Clones don't appear on any of the HUEDQ plates	C5AR1	[HUEDQ0516_D01, HUEDQ0515_D01]	[Miseq_027_D13]	[587:HUPEPD0030_14:CHD8, 575:HUPEPD0030_2:COL2A1, 574:HUPEPD0030_8:SOX5, 589:HUEDQ0516_C5AR1_2:C5AR1]
HUPFP0027_11	E04						Clones don't appear on any of the HUEDQ plates	C5AR1	[HUEDQ0516_C01, HUEDQ0515_C01]	[Miseq_027_C13]	[589:HUEDQ0516_C5AR1_2:C5AR1, 587:HUPEPD0030_14:CHD8, 574:HUPEPD0030_8:SOX5]
HUPFP0028_8	D04						Clones don't appear on any of the HUEDQ plates	KMT5B	[HUEDQ0517_A02]	[]	[]
HUPFP0029_14_15	A01	HUEDQ0517	F01	Miseq_028	126	HUEDQ0517_KAT6A_1		KAT6A	[HUEDQ0517_F01]	[Miseq_028_F16]	[675:HUEDQ0517_KAT6A_1:KAT6A, 674:SNCA_E35K_17:SNCA, 656:HUEDQ0518_TBL1XR1_2:TBL1XR1, 668:HD1_Sam_20:HD1, 666:HUEDQ0517_TBL1XR1_2:TBL1XR1, 685:SNCA_E35K_18:SNCA]
HUPFP0029_14_15	E04	HUEDQ0517	G01	Miseq_028	127	HUEDQ0517_KAT6A_1		KAT6A	[HUEDQ0517_G01]	[Miseq_028_G16]	[675:HUEDQ0517_KAT6A_1:KAT6A, 685:SNCA_E35K_18:SNCA, 671:HD1_Sam_19:HD1, 687:HUEDQ0518_KMT2E:KMT2E, 668:HD1_Sam_20:HD1, 674:SNCA_E35K_17:SNCA]
HUPFP0029_14_15	H02	HUEDQ0517	H01	Miseq_028	128	HUEDQ0517_KAT6A_1		KAT6A	[HUEDQ0517_H01]	[Miseq_028_H16]	[675:HUEDQ0517_KAT6A_1:KAT6A, 668:HD1_Sam_20:HD1, 665:HUEDQ0518_KAT6B_1:KAT6B]
HUPFP0030_5	A07	HUEDQ0549	D02	Miseq_074	132	HUEDQ0549_TCF4_2		TCF4	[HUEDQ0549_D02]	[]	[]
HUPFP0030_5	F10	HUEDQ0550	E01	Miseq_074	166	HUEDQ0550_TCF4_2		TCF4	[HUEDQ0550_E01]	[Miseq_074_E13]	[1616:HUEDQ0549_SET_1:SET, 1634:HUEDQ0549_SETBP1_2:SETBP1, 1645:ARID2_1_HDR_Plate_2_ARID2_1:ARID2, 1648:HUEDQ0549_PICK1_1:PICK1, 1649:HUEDQ0547_B_MECP2_4:MECP2, 1665:HUEDQ0080_MLH1_5:MLH1]
HUPFP0033_14	A01	HUEDQ0527	E01	Miseq_040	173	HUEDQ0527_FOXG1_2	Correct well but no sequencing result for it	FOXG1	[HUEDQ0527_E01]	[Miseq_040_E22]	[922:HUPEPD0041_12:LIPA, 903:LTA4H_5_384:LTA4H, 921:HUPEPD0041_6:ZCCHC6, 924:HUPEPD0041_4:NHLRC2, 899:LTA4H_2:LTA4H]
HUPFP0037_4	A08	HUEDQ0527	C03	Miseq_040	187	HUEDQ0527_SNCA_1		SNCA	[HUEDQ0527_C03]	[Miseq_040_M01]	[914:LTA4H_6_384:LTA4H, 928:LTA4H_3:LTA4H]
HUPFP0038_9	C04	HUEDQ0549	E02	Miseq_074	133	HUEDQ0549_SET_1		SET	[HUEDQ0549_E02]	[]	[]
HUPFP0039_2	E10	HUEDQ0532	C02	Miseq_048	179	HUEDQ0532_MLH1_5		MLH1	[HUEDQ0532_C02]	[Miseq_048_C23]	[1045:HUEDQ0532_MLH1_5:MLH1, 1058:GBA_5_502:GBA, 1066:HUPEPD0045_3B:MUC2, 1051:HUPEPD0047_4:ACO1, 1056:HUPEPD0045_8_32:LIPA, 1064:LTA4H_6_506:LTA4H, 1053:HUPEPD0045_7:ARF6, 1050:LTA4H_2_502:LTA4H]
HUPFP0039_2	F10	HUEDQ0532	C02	Miseq_048	178	HUEDQ0532_MLH1_5		MLH1	[HUEDQ0532_B02]	[Miseq_048_B23]	[1045:HUEDQ0532_MLH1_5:MLH1, 1051:HUPEPD0047_4:ACO1, 1050:LTA4H_2_502:LTA4H, 1058:GBA_5_502:GBA, 1056:HUPEPD0045_8_32:LIPA, 1064:LTA4H_6_506:LTA4H, 1066:HUPEPD0045_3B:MUC2, 1063:HUEDQ0532_ZCCHC6_1:ZCCHC6, 1068:HUEDQ0532_VHL_1:VHL, 1053:HUPEPD0045_7:ARF6]
HUPFP0042_2A	C09	HUEDQ0544	E11	Miseq_068	181	HUEDQ0544_CALHM6_1		CALHM6	[HUEDQ0544_E11, HUEDQ0546_E02]	[Miseq_068_E23, Miseq_069_E14]	[1493:PSEN_2:PSEN, 1498:HUEDQ0544_FAR2_1:FAR2, 1499:HUEDQ0544_ACO1_2:ACO1, 1497:HUEDQ0544_CALHM6_1:CALHM6, 1505:HUEDQ0544_CHD4_2:CHD4, 1508:HUEDQ0544_GNPAT_2:GNPAT, 1514:HUEDQ0134_KDM6A_2:KDM6A, 1516:HUEDQ0134_CTCF_1:CTCF, 1517:HUEDQ0134_CHD3_2:CHD3, 1518:HUEDQ0546_ARID2_2:ARID2, 1519:HUEDQ0134_KMT2C_2:KMT2C, 1520:HUEDQ0545_LGR4_2:LGR4, 1523:HUEDQ0134_DDX3X_1:DDX3X, 1524:HUEDQ0546_DNMT3A_1:DNMT3A, 1525:HUEDQ0546_EZH2_2:EZH2, 1527:HUEDQ0545_EZH2_2:EZH2, 1528:HUEDQ0135_CHD2_1:CHD2, 1529:HUEDQ0134_CHD7_2:CHD7, 1530:HUEDQ0545_HDAC4_2:HDAC4, 1531:HUEDQ0546_EED_2:EED, 1532:HUEDQ0546_ACO1_2:ACO1, 1535:HUEDQ0546_CALHM6_1:CALHM6, 1537:HUEDQ0546_SETD2_3:SETD2, 1538:HUEDQ0135_TBL1XR1_2:TBL1XR1, 1539:HUEDQ0545_DNMT3A_1:DNMT3A, 1540:HUEDQ0135_CTNNB1_4:CTNNB1, 1545:HUEDQ0135_CHD3_2:CHD3]
HUPFP0042_2A	E09	HUEDQ0544	F11	Miseq_068	182	HUEDQ0544_CALHM6_1		CALHM6	[HUEDQ0544_F11, HUEDQ0546_F02]	[Miseq_068_F23, Miseq_069_F14]	[1493:PSEN_2:PSEN, 1497:HUEDQ0544_CALHM6_1:CALHM6, 1505:HUEDQ0544_CHD4_2:CHD4, 1510:HUEDQ0544_CYB561_2:CYB561, 1514:HUEDQ0134_KDM6A_2:KDM6A, 1516:HUEDQ0134_CTCF_1:CTCF, 1517:HUEDQ0134_CHD3_2:CHD3, 1518:HUEDQ0546_ARID2_2:ARID2, 1523:HUEDQ0134_DDX3X_1:DDX3X, 1524:HUEDQ0546_DNMT3A_1:DNMT3A, 1525:HUEDQ0546_EZH2_2:EZH2, 1527:HUEDQ0545_EZH2_2:EZH2, 1528:HUEDQ0135_CHD2_1:CHD2, 1529:HUEDQ0134_CHD7_2:CHD7, 1530:HUEDQ0545_HDAC4_2:HDAC4, 1531:HUEDQ0546_EED_2:EED, 1534:HUEDQ0134_SET_1:SET, 1535:HUEDQ0546_CALHM6_1:CALHM6, 1536:HUEDQ0134_TCF4_2:TCF4, 1537:HUEDQ0546_SETD2_3:SETD2, 1538:HUEDQ0135_TBL1XR1_2:TBL1XR1, 1539:HUEDQ0545_DNMT3A_1:DNMT3A, 1540:HUEDQ0135_CTNNB1_4:CTNNB1, 1542:HUEDQ0544_A:CHD4, 1545:HUEDQ0135_CHD3_2:CHD3]
HUPFP0020_10	C12	HUEDQ0510	H02	Miseq_019	183	HUEDQ0510_ARID1B_3		ARID1B	[HUEDQ0510_H02]	[Miseq_019_H23]	[384:HUEDQ0510_ARID1B_3:ARID1B, 383:APP_1_2:APP, 386:HUPEPD0024_2_SP:WARS2, 388:PSEN1_1_1:PSEN1 M146I, 385:HUPEPD0011_2_SP:FPR2, 1261:HUEDQ0510_ARID1B_1_RD:ARID1B]
HUPFP0020_10	E08	HUEDQ0510	G02	Miseq_019	184	HUEDQ0510_ARID1B_3		ARID1B	[HUEDQ0510_G02]	[Miseq_019_G23]	[384:HUEDQ0510_ARID1B_3:ARID1B, 386:HUPEPD0024_2_SP:WARS2, 388:PSEN1_1_1:PSEN1 M146I, 383:APP_1_2:APP, 385:HUPEPD0011_2_SP:FPR2, 1261:HUEDQ0510_ARID1B_1_RD:ARID1B]
HUPFP0020_10	G05	HUEDQ0541	E02	Miseq_061	109	HUEDQ0541_ARID1B_3		ARID1B	[HUEDQ0541_E02]	[Miseq_061_E14]	[1326:HUEDQ0129_A:NEK7, 1331:HUEDQ0541_PYCARD1_2:PYCARD1, 1324:HUEDQ0541_ARID1B_3:ARID1B, 1312:HUEDQ0541_ARF6_2:ARF6, 1317:HUEDQ0128_A:KMT5B, 1318:HUEDQ0540_A:ARID1B, 1319:HUEDQ0541_RAB32_3:RAB32, 1338:HUEDQ0540_A_ZMYND11_1:ZMYND11]
HUPFP0020_10	G07	HUEDQ0541	F02	Miseq_061	110	HUEDQ0541_ARID1B_3		ARID1B	[HUEDQ0541_F02]	[Miseq_061_F14]	[1324:HUEDQ0541_ARID1B_3:ARID1B, 1313:HUEDQ0541_CHD7_2:CHD7, 1316:HUEDQ0541_MSL3_4:MSL3, 1317:HUEDQ0128_A:KMT5B, 1318:HUEDQ0540_A:ARID1B, 1319:HUEDQ0541_RAB32_3:RAB32]
HUPFP0021_3	B01	HUEDQ0509	F02	Miseq_018	158	HUEDQ0509_NHLRC2_1	Correct well but no sequencing result for it	NHLRC2	[HUEDQ0509_F02]	[Miseq_018_F20]	[367:NCAPD3_1_1:NCAPD3, 366:HUEDQ0509_PDLIM7_2:PDLIM7, 350:HUEDQ0508_PTGES_1:PTGES, 349:MERTK_1_3:MERTK]
HUPFP0021_7	F11	HUEDQ0509	B01	Miseq_018	146	HUEDQ0509_IFITM3_3	Correct well but no sequencing result for it	IFITM3	[HUEDQ0509_B01]	[Miseq_018_B19]	[367:NCAPD3_1_1:NCAPD3, 356:HUEDQ0509_EP300_1:EP300, 349:MERTK_1_3:MERTK]
HUPFP0021_10	A02	HUEDQ0508	H01	Miseq_018	128	HUEDQ0508_PTGES_1		PTGES	[HUEDQ0508_H01]	[Miseq_018_H01]	[364:HUPEPD0019_2_F11:MED13L, 367:NCAPD3_1_1:NCAPD3, 373:HUPEPD0019_1_D04:SMARCA2, 347:EHMT1_1:EHMT1, 349:MERTK_1_3:MERTK, 348:HUPEPD0024_6:CPT1A, 351:HUPEPD0024_8:PHF8, 375:HUPEPD0024_3:WARS2, 372:HUPEPD0024_1:TBX15]
HUPFP0021_10	A04	HUEDQ0508	A02	Miseq_018	129	HUEDQ0508_PTGES_1		PTGES	[HUEDQ0508_A02]	[Miseq_018_A02]	[364:HUPEPD0019_2_F11:MED13L, 373:HUPEPD0019_1_D04:SMARCA2, 347:EHMT1_1:EHMT1, 349:MERTK_1_3:MERTK, 348:HUPEPD0024_6:CPT1A, 351:HUPEPD0024_8:PHF8, 367:NCAPD3_1_1:NCAPD3, 372:HUPEPD0024_1:TBX15, 375:HUPEPD0024_3:WARS2]
HUPFP0021_10	C03	HUEDQ0508	B02	Miseq_018	130	HUEDQ0508_PTGES_1		PTGES	[HUEDQ0508_B02]	[Miseq_018_B02]	[347:EHMT1_1:EHMT1, 367:NCAPD3_1_1:NCAPD3, 373:HUPEPD0019_1_D04:SMARCA2, 348:HUPEPD0024_6:CPT1A, 351:HUPEPD0024_8:PHF8, 375:HUPEPD0024_3:WARS2, 372:HUPEPD0024_1:TBX15, 364:HUPEPD0019_2_F11:MED13L, 349:MERTK_1_3:MERTK]
HUPFP0021_12	E08						Clones don't appear on any of the HUEDQ plates	PTGER4	[HUEDQ0513_C03]	[]	[]
HUPFP0022_2	A02	HUEDQ0510	F03	Miseq_019	190	HUEDQ0510_AIM2_1		AIM2	[HUEDQ0510_F03, HUEDQ0511_H03]	[Miseq_019_F24]	[388:PSEN1_1_1:PSEN1 M146I, 385:HUPEPD0011_2_SP:FPR2, 383:APP_1_2:APP, 386:HUPEPD0024_2_SP:WARS2, 380:HUEDQ0510_AIM2_1:AIM2]
HUPFP0024_8	E03	HUEDQ0516	D02	Miseq_027	108	HUEDQ0516_PHF8_2		PHF8	[HUEDQ0516_D02, HUEDQ0515_D02]	[Miseq_027_D14]	[578:HUEDQ0516_PHF8_2:PHF8, 574:HUPEPD0030_8:SOX5, 587:HUPEPD0030_14:CHD8, 575:HUPEPD0030_2:COL2A1]
HUPFP0025_1	A03	HUEDQ0516	B01	Miseq_027	98	HUEDQ0516_STK11_1		STK11	[HUEDQ0516_B01, HUEDQ0515_B01]	[Miseq_027_B13]	[587:HUPEPD0030_14:CHD8, 574:HUPEPD0030_8:SOX5, 582:HUEDQ0516_STK11_1:STK11, 575:HUPEPD0030_2:COL2A1]
HUPFP0025_1	H03	HUEDQ0516	A01	Miseq_027	97	HUEDQ0516_STK11_1		STK11	[HUEDQ0516_A01, HUEDQ0515_A01]	[Miseq_027_A13]	[587:HUPEPD0030_14:CHD8, 574:HUPEPD0030_8:SOX5, 582:HUEDQ0516_STK11_1:STK11]
HUPFP0025_4	C01	HUEDQ0516	E02	Miseq_027	109	HUEDQ0516_CASP8_1		CASP8	[HUEDQ0516_E02, HUEDQ0515_E02]	[Miseq_027_E14]	[575:HUPEPD0030_2:COL2A1, 587:HUPEPD0030_14:CHD8, 574:HUPEPD0030_8:SOX5, 579:HUEDQ0516_CASP8_1:CASP8, 591:HUEDQ0516_CMTR2_1:CMTR2]
HUPFP0025_8	C04	HUEDQ0516	F01	Miseq_027	102	HUEDQ0516_ARHGAP35_1		ARHGAP35	[HUEDQ0516_F01, HUEDQ0515_F01]	[Miseq_027_F13]	[576:HUEDQ0516_ARHGAP35_1:ARHGAP35, 574:HUPEPD0030_8:SOX5, 575:HUPEPD0030_2:COL2A1]
HUPFP0025_8	F09	HUEDQ0516	E01	Miseq_027	101	HUEDQ0516_ARHGAP35_1		ARHGAP35	[HUEDQ0516_E01, HUEDQ0515_E01]	[Miseq_027_E13]	[587:HUPEPD0030_14:CHD8, 574:HUPEPD0030_8:SOX5, 576:HUEDQ0516_ARHGAP35_1:ARHGAP35, 575:HUPEPD0030_2:COL2A1]
HUPFP0026_1	A10						Clones don't appear on any of the HUEDQ plates	CMTR2	[HUEDQ0515_A02]	[]	[]
HUPFP0026_1	C12						Clones don't appear on any of the HUEDQ plates	CMTR2	[HUEDQ0515_H01]	[]	[]
HUPFP0026_1	D01	HUEDQ0516	A03	Miseq_027	113	HUEDQ0516_CMTR2_1		CMTR2	[HUEDQ0516_A03, HUEDQ0517_G02, HUEDQ0515_A03]	[Miseq_027_A15]	[587:HUPEPD0030_14:CHD8, 591:HUEDQ0516_CMTR2_1:CMTR2, 574:HUPEPD0030_8:SOX5]
HUPFP0026_1	D07	HUEDQ0517	F02	Miseq_028	134	HUEDQ0517_CMTR2_1		CMTR2	[HUEDQ0517_F02]	[]	[]
HUPFP0026_1	E07						Clones don't appear on any of the HUEDQ plates	CMTR2	[HUEDQ0515_G01]	[]	[]
HUPFP0026_1	E08						Clones don't appear on any of the HUEDQ plates	CMTR2	[HUEDQ0515_C02]	[]	[]
HUPFP0026_1	E09	HUEDQ0516	H02	Miseq_027	112	HUEDQ0516_CMTR2_1		CMTR2	[HUEDQ0516_H02, HUEDQ0515_H02]	[Miseq_027_H14]	[587:HUPEPD0030_14:CHD8, 591:HUEDQ0516_CMTR2_1:CMTR2, 574:HUPEPD0030_8:SOX5, 575:HUPEPD0030_2:COL2A1]
HUPFP0026_1	F01	HUEDQ0516	F02	Miseq_027	110	HUEDQ0516_CMTR2_1		CMTR2	[HUEDQ0516_F02, HUEDQ0515_F02]	[Miseq_027_F14]	[591:HUEDQ0516_CMTR2_1:CMTR2, 587:HUPEPD0030_14:CHD8, 574:HUPEPD0030_8:SOX5, 575:HUPEPD0030_2:COL2A1]
HUPFP0026_1	F03	HUEDQ0516	B03	Miseq_027	114	HUEDQ0516_CMTR2_1		CMTR2	[HUEDQ0516_B03, HUEDQ0515_B03]	[Miseq_027_B15]	[587:HUPEPD0030_14:CHD8, 591:HUEDQ0516_CMTR2_1:CMTR2, 575:HUPEPD0030_2:COL2A1]
HUPFP0026_1	H01	HUEDQ0519	H01	Miseq_030	176	HUEDQ0519_CMTR2_1		CMTR2	[HUEDQ0519_H01, HUEDQ0514_G03]	[]	[]
HUPFP0026_1	H03						Clones don't appear on any of the HUEDQ plates	CMTR2	[HUEDQ0515_B02]	[]	[]
HUPFP0026_1	H07	HUEDQ0516	G02	Miseq_027	111	HUEDQ0516_CMTR2_1		CMTR2	[HUEDQ0516_G02, HUEDQ0515_G02]	[Miseq_027_G14]	[575:HUPEPD0030_2:COL2A1, 591:HUEDQ0516_CMTR2_1:CMTR2, 574:HUPEPD0030_8:SOX5, 587:HUPEPD0030_14:CHD8]
HUPFP0018_3	E04	HUEDQ0504	E02	Miseq_015	133	HUPEPD0504_GATAD2B_1		GATAD2B	[HUEDQ0504_E02]	[Miseq_015_E18]	[254:HUPEPD0504_MCEMP1_1:MCEMP1_1, 246:HUPEPD0504_ASXL3_2:ASXL3_2]
HUPFP0018_1	B01	HUEDQ0510	A01	Miseq_019		HUEDQ0510_ANKRD11_1		ANKRD11	[HUEDQ0510_A01, HUEDQ0511_F02]	[Miseq_019_A22]	[385:HUPEPD0011_2_SP:FPR2, 383:APP_1_2:APP, 388:PSEN1_1_1:PSEN1 M146I, 386:HUPEPD0024_2_SP:WARS2, 381:HUEDQ0510_ANKRD11_1:ANKRD11]
HUPFP0019_3	A03						Clones don't appear on any of the HUEDQ plates	NSD1	[HUEDQ0517_C03]	[]	[]
HUPFP0019_3	D02						Clones don't appear on any of the HUEDQ plates	NSD1	[HUEDQ0517_D03]	[]	[]
HUPFP0047_8	C07	HUEDQ0549	E01	Miseq_074	124	HUEDQ0549_KMT2C_2		KMT2C	[HUEDQ0549_E01]	[Miseq_074_E13]	[1616:HUEDQ0549_SET_1:SET, 1634:HUEDQ0549_SETBP1_2:SETBP1, 1645:ARID2_1_HDR_Plate_2_ARID2_1:ARID2, 1648:HUEDQ0549_PICK1_1:PICK1, 1649:HUEDQ0547_B_MECP2_4:MECP2, 1665:HUEDQ0080_MLH1_5:MLH1]
HUPFP0047_8	H07	HUEDQ0549	D01	Miseq_074	125	HUEDQ0549_KMT2C_2		KMT2C	[HUEDQ0549_D01]	[Miseq_074_D13]	[1625:HUEDQ0549_TCF4_2:TCF4, 1634:HUEDQ0549_SETBP1_2:SETBP1, 1639:HUEDQ0549_LGR6_1:LGR6, 1645:ARID2_1_HDR_Plate_2_ARID2_1:ARID2, 1652:HUEDQ0549_LSP1_1:LSP1, 1649:HUEDQ0547_B_MECP2_4:MECP2]
HUPFP0048_16	F02	HUEDQ0549	C02	Miseq_074	131	HUEDQ0549_SSPN_2		SSPN	[HUEDQ0549_C02]	[]	[]
HUPFPPlate4	A03	HUEDQ0501	D02	Miseq_009_2ndQC	89	HUEDQ0501_ASXL3_2		ASXL3	[HUEDQ0501_D02, HUEDQ0500_F03]	[Miseq_009_2ndQC_A12, Miseq_005_B10]	[146:ASXL3_2_single:ASXL3_2, 153:HUPEPD0007_3_B_FCER1G_1:FCER1G_1, 145:HUEDQ0501_ASXL3_2:ASXL3, 79:SNCA_D:SNCA, 88:ASXL3:ASXL3_2, 82:GPR35_B_384:GPR35, 80:GPR35_B:GPR35, 269:ASXL3_2_J:ASXL3]
HUPFPPlate7	C05						Can't find Miseq for HUEDQ0500	BCL11A	[HUEDQ0500_H01]	[Miseq_005_H01]	[80:GPR35_B:GPR35, 82:GPR35_B_384:GPR35, 79:SNCA_D:SNCA]
HUPFPPlate8	A08						Only clone A08 on this plate, could be a typo	ARID1A	[HUEDQ0501_A02]	[Miseq_016_A21]	[311:MERTK_2:MERTK]
HUPFPPlate10	A03						Don't appear on Miseq run but look to have failed QC anyway	KMT2C	[HUEDQ0501_H02]	[]	[]
HUPFPPlate10	B03						Don't appear on Miseq run but look to have failed QC anyway	KMT2C	[HUEDQ0501_B02]	[]	[]
HUPFP0007_4	E03	HUEDQ0513	E03	Miseq_023	189	HUEDQ0513_MGST_1		MGST1	[HUEDQ0513_E03]	[Miseq_023_E24]	[483:HUEDQ0513_MGST_1:MGST, 480:APP_7:APP, 488:MSTEST2_SPIKE_CASP8_1:CASP8, 497:BBS10_3:BBS10, 493:PSEN1_1:PSEN1 M146I, 519:HUEDQ0514_ARHGAP35_1:ARHGAP35]
HUPFP0007_4	H01	HUEDQ0513	F03	Miseq_023	190	HUEDQ0513_MGST_1		MGST1	[HUEDQ0513_F03]	[Miseq_023_F24]	[480:APP_7:APP, 507:MERTK_5:MERTK, 503:HUEDQ0513_PHF8_2:PHF8, 510:HUEDQ0514_FPR2_1:FPR2, 519:HUEDQ0514_ARHGAP35_1:ARHGAP35, 496:HUEDQ0514_STK11_1:STK11, 487:PTK2B_2:PTK2B, 497:BBS10_3:BBS10, 511:HUEDQ0514_PTGER4_1:PTGER4, 512:HUEDQ0513_CMTR2_1:CMTR2, 488:MSTEST2_SPIKE_CASP8_1:CASP8, 513:HUEDQ0513_PTGER4_1:PTGER4, 482:HUEDQ0514_CMTR2_1:CMTR2, 483:HUEDQ0513_MGST_1:MGST]
HUPFP0060A6	G12	HUEDQ0545	H01	Miseq_069	176	HUEDQ0545_HDAC4_2		HDAC4	[HUEDQ0545_H01]	[]	[]
HUPFP0065A8	H09	HUEDQ0550	H02	Miseq_074	176	HUEDQ0550_AUTS2_1		AUTS2	[HUEDQ0550_H02]	[]	[]
HUPFP0066A8	A01	HUEDQ0549	C03	Miseq_082	179	HUEDQ0549_SPEN_2		SPEN	[HUEDQ0549_C03]	[Miseq_074_C15, Miseq_076_E13]	[1619:HUEDQ0549_SQLE_2:SQLE, 1634:HUEDQ0549_SETBP1_2:SETBP1, 1636:HUEDQ0549_SPEN_2:SPEN, 1639:HUEDQ0549_LGR6_1:LGR6, 1645:ARID2_1_HDR_Plate_2_ARID2_1:ARID2, 1646:HUEDQ0549_PGAP3_3:PGAP3, 1715:SMARCA2_1_B01_corr_B_ARID2_1:ARID2, 1690:HUEDQ0549_Z_SPEN_2:SPEN, 1681:HUEDQ0550_Z_SPEN_2:SPEN]
HUPFP0067A9	F08	HUEDQ0560	H09	Miseq_094	165	HUEDQ0560_TBL1XR1_2		TBL1XR1	[HUEDQ0560_H09, HUEDQ0560_G09]	[]	[]
HUPFP0067B6	C05	HUEDQ0569	A07	Miseq_097		HUEDQ0561_CTCF_1_P2	Comment on trello to say clone failed sequencing	CTCF	[HUEDQ0561_A07]	[]	[]
HUPFP0090A3	A08	HUEDQ0569	C10	Miseq_104	171	HUEDQ0569_EHMT1_1		EHMT1	[HUEDQ0569_C10]	[]	[]
HUPFP0090A3	B02	HUEDQ0568	A11	Miseq_102	177	HUEDQ0568_EHMT1_1		EHMT1	[HUEDQ0568_A11]	[]	[]
HUPFP0090A3	C01	HUEDQ0568	B11	Miseq_102	178	HUEDQ0568_EHMT1_1		EHMT1	[HUEDQ0568_B11]	[]	[]
HUPFP0090A3	C03	HUEDQ0569	A10	Miseq_104	169	HUEDQ0569_EHMT1_1		EHMT1	[HUEDQ0569_A10]	[]	[]
HUPFP0090A3	D03	HUEDQ0568	C11	Miseq_102	179	HUEDQ0568_EHMT1_1		EHMT1	[HUEDQ0568_C11]	[]	[]
HUPFP0090A3	E05	HUEDQ0569	E10	Miseq_104	173	HUEDQ0569_EHMT1_1		EHMT1	[HUEDQ0569_E10]	[]	[]
HUPFP0090A3	E10	HUEDQ0569	B10	Miseq_104	170	HUEDQ0569_EHMT1_1		EHMT1	[HUEDQ0569_B10]	[]	[]
HUPFP0090A3	H03	HUEDQ0568	D11	Miseq_102	180	HUEDQ0568_EHMT1_1		EHMT1	[HUEDQ0568_D11]	[]	[]
HUPFP0090A3	H09	HUEDQ0569	F10	Miseq_104	174	HUEDQ0569_EHMT1_1		EHMT1	[HUEDQ0569_F10]	[]	[]
HUPFP0091A2	B12	HUEDQ0575	H10	Miseq_107	176	HUEDQ0575_AUTS2		AUTS2	[HUEDQ0575_H10]	[Miseq_106_H22, Miseq_107_H22]	[2163:HUPFP0074A15_TXNIP:TXNIP, 2178:COL3A1_2_37_minus_AZD:COL3A1, 2167:HUPFP0074A12_TMEM86A:TMEM86A, 2171:HUEDQ0575_AUTS2:AUTS2, 2165:HUPFP0093B1_CHD4:CHD4, 2188:HUEDQ0575_KPTN:KPTN, 2185:HUEDQ0575_AUTS2:AUTS2, 2194:HUPFP0074A15_TXNIP:TXNIP, 2196:HUPFP0074A12_TMEM86A:TMEM86A, 2193:HUPFP0093B1_CHD4:CHD4, 2200:COL3A1_2_37_minus_AZD:COL3A1]
HUPFP0093A3	C10	HUEDQ0577	G04	Miseq_108	223	HUEDQ0577_KPTN		KPTN	[HUEDQ0577_G04, HUEDQ0577B_B07]	[Miseq_108_O04, Miseq_111_B19]	[2217:PLCG2_562_plus_B:PLCG2, 2213:HUPFP0076A5_CHD7:CHD7, 2209:HUPFP0076A6_MED13L:MED13L, 2215:HUPFP0076A2_TCF4:TCF4, 2204:HUEDQ0577_KPTN:KPTN, 2298:HUEDQ0581_TCF4_2:TCF4, 2301:HUEDQ0143_KAT6A_1:KAT6A, 2302:HUEDQ0142_B_CTCF_1:CTCF, 2303:HUEDQ0143_KMT5B_2:KMT5B, 2309:HUEDQ0142_B_KMT5B_2:KMT5B, 2310:HUEDQ0143_CTCF_1:CTCF, 2311:NPC1_2:NPC1]
HUPFP0093A3	D02	HUEDQ0575	E10	Miseq_107	173	HUEDQ0575_KPTN		KPTN	[HUEDQ0575_E10]	[Miseq_106_E22, Miseq_107_E22]	[2164:HUEDQ0575_KPTN:KPTN, 2178:COL3A1_2_37_minus_AZD:COL3A1, 2167:HUPFP0074A12_TMEM86A:TMEM86A, 2165:HUPFP0093B1_CHD4:CHD4, 2188:HUEDQ0575_KPTN:KPTN, 2194:HUPFP0074A15_TXNIP:TXNIP, 2196:HUPFP0074A12_TMEM86A:TMEM86A, 2193:HUPFP0093B1_CHD4:CHD4, 2200:COL3A1_2_37_minus_AZD:COL3A1]
HUPFP0093A3	F06	HUEDQ0575	F10	Miseq_107	174	HUEDQ0575_KPTN		KPTN	[HUEDQ0575_F10]	[Miseq_106_F22, Miseq_107_F22]	[2163:HUPFP0074A15_TXNIP:TXNIP, 2164:HUEDQ0575_KPTN:KPTN, 2178:COL3A1_2_37_minus_AZD:COL3A1, 2167:HUPFP0074A12_TMEM86A:TMEM86A, 2165:HUPFP0093B1_CHD4:CHD4, 2188:HUEDQ0575_KPTN:KPTN, 2194:HUPFP0074A15_TXNIP:TXNIP, 2196:HUPFP0074A12_TMEM86A:TMEM86A, 2193:HUPFP0093B1_CHD4:CHD4, 2200:COL3A1_2_37_minus_AZD:COL3A1]
HUPFP0093B3	A02	HUEDQ0575	A10	Miseq_107	169	HUEDQ0575_KPTN		KPTN	[HUEDQ0575_A10]	[Miseq_106_A22, Miseq_107_A22]	[2163:HUPFP0074A15_TXNIP:TXNIP, 2164:HUEDQ0575_KPTN:KPTN, 2178:COL3A1_2_37_minus_AZD:COL3A1, 2172:HUEDQ0575_SATB2:SATB2, 2167:HUPFP0074A12_TMEM86A:TMEM86A, 2165:HUPFP0093B1_CHD4:CHD4, 2188:HUEDQ0575_KPTN:KPTN, 2194:HUPFP0074A15_TXNIP:TXNIP, 2196:HUPFP0074A12_TMEM86A:TMEM86A, 2193:HUPFP0093B1_CHD4:CHD4, 2200:COL3A1_2_37_minus_AZD:COL3A1]
HUPFP0068A3	B01						Not on any of the HUEDQ plates that contain KDM5B	KDM5B	[HUEDQ0563_G11]	[Miseq_100_G23]	[2025:HUEDQ0563_KAT6A_1:KAT6A]
HUPFP0068A3	B04						Not on any of the HUEDQ plates that contain KDM5B	KDM5B	[HUEDQ0563_F11]	[Miseq_100_F23]	[2025:HUEDQ0563_KAT6A_1:KAT6A]
HUPFP0092A2	G10	HUEDQ0586	G01	Miseq_114	49	HUEDQ0586_NSD1_plate2		NSD1	[HUEDQ0586_G01]	[Miseq_114_G01, Miseq_114_G13]	[2384:CD1D_2:CD1D, 2385:MR1_2:MR1, 2390:HLAA:HLAA, 2394:PLCG2_647_NI_Subclone:PLCG2, 2397:B2M_2:B2M, 2399:PLCG2_656_NI:PLCG2, 2400:HUPFP0092_A4:CHD3, 2376:HUEDQ0586_LGR6:LGR6, 2435:HLAA_corrected:HLAA, 2383:HUEDQ0586_NSD1_plate1:NSD1, 2378:HUPFP0083A7_TCF7L2:TCF7L2, 2379:HUPFP0083A2_CNOT3:CNOT3, 2387:HUPFP0069_A7_plate1:POGZ, 2389:HUPFP0069_A7_plate2:POGZ, 2392:HUPFP0091_A1:DNMT3A, 2377:HUPFP0083A9_ASXL2:ASXL2, 2395:HUPFP0067_A2:CREBBP, 2399:PLCG2_656_NI:PLCG2, 2400:HUPFP0092_A4:CHD3, 2401:HUPFP0067_A6:CTCF, 2402:HUPFP0090_A4:ZBTB18]
HUPFP0073A3	H01	HUEDQ0578	H04	Miseq_110	74	HUEDQ0578_COBLL1	No miseq result for it though	COBLL1	[HUEDQ0578_B10]	[Miseq_110_B10]	[2270:PLCG2_647_plus_A:PLCG2]
HUPFP0094A3	E01	HUEDQ0587	H04	Miseq_115	102	HUEDQ0587_SETD1B		SETD1B	[HUEDQ0587_H04, HUEDQ0588_C05]	[Miseq_115_H16, Miseq_115_P04, Miseq_116_K17]	[2416:HUEDQ0587_ASXL3:ASXL3, 2409:HUPFP0085A3_HDAC2:HDAC2, 2410:HUPFP0085A2_CHD8:CHD8, 2415:HUEDQ0587_ASXL2:ASXL2, 2418:HUPFP0082A6_PHIP:PHIP, 2406:HUPFP0085A4_PHF12:PHF12, 2410:HUPFP0085A2_CHD8:CHD8, 2413:HUPFP0085A5_SPEN:SPEN, 2414:HUEDQ0587_MYT1L:MYT1L, 2419:HUPFP0085A6_ZEB2:ZEB2, 2424:AUTS2_1:AUTS2, 2426:CTNNB1_4:CTNNB1, 2427:CREBBP_3:CREBBP, 2405:HUPFP0083A5_SATB1:SATB1, 2406:HUPFP0085A4_PHF12:PHF12, 2429:CTCF_1:CTCF, 2417:HUPFP0085A1_BRPF1:BRPF1, 2438:HUEDQ0588_PHIP:PHIP, 2445:HUEDQ0590_KDM5C:KDM5C, 2461:HUEDQ0588_SETD1B_3_ASXL3_3:SETD1B, 2448:HUPFP0087A9_NFIX:NFIX, 2440:HUEDQ0589_ZEB2:ZEB2, 2443:HUEDQ0588_SPEN:SPEN, 2455:ZBTB18_2:ZBTB18, 2439:HUEDQ0591_CHD8:CHD8, 2459:AHDC1_4:AHDC1]
HUPFP0094A7	B01	HUEDQ0587	E04			Can't see Miseq result when I open the run		MSL3	[HUEDQ0587_E04]	[Miseq_115_M04, Miseq_115_E16]	[2410:HUPFP0085A2_CHD8:CHD8, 2413:HUPFP0085A5_SPEN:SPEN, 2421:EHMT1_1:EHMT1, 2415:HUEDQ0587_ASXL2:ASXL2, 2422:GATAD2B_1:GATAD2B, 2419:HUPFP0085A6_ZEB2:ZEB2, 2425:KMT2E_1:KMT2E, 2426:CTNNB1_4:CTNNB1, 2427:CREBBP_3:CREBBP, 2405:HUPFP0083A5_SATB1:SATB1, 2428:CHD3_2:CHD3, 2406:HUPFP0085A4_PHF12:PHF12, 2429:CTCF_1:CTCF, 2417:HUPFP0085A1_BRPF1:BRPF1, 2433:HLAA:HLAA, 2434:HLAA_corrected:HLAA, 2416:HUEDQ0587_ASXL3:ASXL3, 2409:HUPFP0085A3_HDAC2:HDAC2, 2415:HUEDQ0587_ASXL2:ASXL2, 2419:HUPFP0085A6_ZEB2:ZEB2, 2418:HUPFP0082A6_PHIP:PHIP, 2406:HUPFP0085A4_PHF12:PHF12, 2404:HUEDQ0587_SETD1B:SETD1B]
HUPFP0094A7	E07	HUEDQ0587	D04			Can't see Miseq result when I open the run		MSL3	[HUEDQ0587_D04]	[Miseq_115_L04, Miseq_115_D16]	[2416:HUEDQ0587_ASXL3:ASXL3, 2410:HUPFP0085A2_CHD8:CHD8, 2413:HUPFP0085A5_SPEN:SPEN, 2414:HUEDQ0587_MYT1L:MYT1L, 2421:EHMT1_1:EHMT1, 2415:HUEDQ0587_ASXL2:ASXL2, 2419:HUPFP0085A6_ZEB2:ZEB2, 2424:AUTS2_1:AUTS2, 2425:KMT2E_1:KMT2E, 2426:CTNNB1_4:CTNNB1, 2427:CREBBP_3:CREBBP, 2405:HUPFP0083A5_SATB1:SATB1, 2428:CHD3_2:CHD3, 2406:HUPFP0085A4_PHF12:PHF12, 2429:CTCF_1:CTCF, 2417:HUPFP0085A1_BRPF1:BRPF1, 2433:HLAA:HLAA, 2434:HLAA_corrected:HLAA, 2416:HUEDQ0587_ASXL3:ASXL3, 2409:HUPFP0085A3_HDAC2:HDAC2, 2415:HUEDQ0587_ASXL2:ASXL2, 2418:HUPFP0082A6_PHIP:PHIP, 2404:HUEDQ0587_SETD1B:SETD1B]
HUPFP0094B2	C12	HUEDQ0586	D10	Miseq_114	41	HUEDQ0586_NSD1_plate2		NSD1	[HUEDQ0585_D10, HUEDQ0586_F01]	[Miseq_113_D22, Miseq_114_F13, Miseq_114_F01]	[2346:HUEDQ0585_NSD1:NSD1, 2352:HUEDQ0144_MED13L_1:MED13L, 2356:B2M_2_plate2:B2M, 2347:HUEDQ0585_MED13L:MED13L, 2365:HUEDQ0144_CTNNB1_4:CTNNB1, 2366:HUEDQ0144_EP300_1:EP300, 2368:HUEDQ0144_CTCF_1:CTCF, 2369:HUEDQ0144_KAT6A_1:KAT6A, 2371:LGR6_1_C07:LGR6, 2372:HUEDQ0144_ZBTB18_2:ZBTB18, 2364:HUEDQ0144_CREBBP_3:CREBBP, 2350:HUEDQ0585_KDM6A:KDM6A, 2375:HUEDQ0144_SETD1A_1:SETD1A, 2383:HUEDQ0586_NSD1_plate1:NSD1, 2378:HUPFP0083A7_TCF7L2:TCF7L2, 2379:HUPFP0083A2_CNOT3:CNOT3, 2386:HUPFP0092_A3:KMT2E, 2387:HUPFP0069_A7_plate1:POGZ, 2388:HUPFP0091_A2:AUTS2, 2389:HUPFP0069_A7_plate2:POGZ, 2392:HUPFP0091_A1:DNMT3A, 2393:HUPFP0092_A1:GATAD2B, 2377:HUPFP0083A9_ASXL2:ASXL2, 2395:HUPFP0067_A2:CREBBP, 2396:HUPFP0090_A3:EHMT1, 2399:PLCG2_656_NI:PLCG2, 2401:HUPFP0067_A6:CTCF, 2402:HUPFP0090_A4:ZBTB18, 2403:HUPFP0090_A1:CTNNB1, 2376:HUEDQ0586_LGR6:LGR6, 2398:HUPFP0093_A2:AHDC1, 2384:CD1D_2:CD1D, 2385:MR1_2:MR1, 2390:HLAA:HLAA, 2394:PLCG2_647_NI_Subclone:PLCG2, 2397:B2M_2:B2M, 2399:PLCG2_656_NI:PLCG2, 2400:HUPFP0092_A4:CHD3, 2376:HUEDQ0586_LGR6:LGR6, 2435:HLAA_corrected:HLAA]
HUPFP0094B2	E02	HUEDQ0586	E01	Miseq_114	33	HUEDQ0586_NSD1_plate2		NSD1	[HUEDQ0586_E01]	[Miseq_114_E01, Miseq_114_E13]	[2385:MR1_2:MR1, 2390:HLAA:HLAA, 2394:PLCG2_647_NI_Subclone:PLCG2, 2397:B2M_2:B2M, 2400:HUPFP0092_A4:CHD3, 2376:HUEDQ0586_LGR6:LGR6, 2399:PLCG2_656_NI:PLCG2, 2435:HLAA_corrected:HLAA, 2378:HUPFP0083A7_TCF7L2:TCF7L2, 2379:HUPFP0083A2_CNOT3:CNOT3, 2382:HUEDQ0586_NSD1_plate2:NSD1, 2389:HUPFP0069_A7_plate2:POGZ, 2392:HUPFP0091_A1:DNMT3A, 2377:HUPFP0083A9_ASXL2:ASXL2, 2395:HUPFP0067_A2:CREBBP, 2396:HUPFP0090_A3:EHMT1, 2399:PLCG2_656_NI:PLCG2, 2401:HUPFP0067_A6:CTCF, 2402:HUPFP0090_A4:ZBTB18, 2403:HUPFP0090_A1:CTNNB1]
HUPFP0094A1	A11	HUEDQ0587	C04	Miseq_115	132	HUEDQ0587_ASXL3		ASXL3	[HUEDQ0587_C04]	[Miseq_115_K04, Miseq_115_C16]	[2410:HUPFP0085A2_CHD8:CHD8, 2413:HUPFP0085A5_SPEN:SPEN, 2414:HUEDQ0587_MYT1L:MYT1L, 2420:ZBTB18_2:ZBTB18, 2421:EHMT1_1:EHMT1, 2415:HUEDQ0587_ASXL2:ASXL2, 2422:GATAD2B_1:GATAD2B, 2419:HUPFP0085A6_ZEB2:ZEB2, 2426:CTNNB1_4:CTNNB1, 2427:CREBBP_3:CREBBP, 2405:HUPFP0083A5_SATB1:SATB1, 2428:CHD3_2:CHD3, 2406:HUPFP0085A4_PHF12:PHF12, 2429:CTCF_1:CTCF, 2417:HUPFP0085A1_BRPF1:BRPF1, 2433:HLAA:HLAA, 2434:HLAA_corrected:HLAA, 2416:HUEDQ0587_ASXL3:ASXL3, 2409:HUPFP0085A3_HDAC2:HDAC2, 2415:HUEDQ0587_ASXL2:ASXL2, 2419:HUPFP0085A6_ZEB2:ZEB2, 2418:HUPFP0082A6_PHIP:PHIP, 2405:HUPFP0083A5_SATB1:SATB1, 2406:HUPFP0085A4_PHF12:PHF12, 2417:HUPFP0085A1_BRPF1:BRPF1]
HUPFP0094A1	B12	HUEDQ0587	B04	Miseq_115	100	HUEDQ0587_ASXL3		ASXL3	[HUEDQ0587_B04]	[Miseq_115_B16, Miseq_115_J04]	[2409:HUPFP0085A3_HDAC2:HDAC2, 2413:HUPFP0085A5_SPEN:SPEN, 2415:HUEDQ0587_ASXL2:ASXL2, 2419:HUPFP0085A6_ZEB2:ZEB2, 2418:HUPFP0082A6_PHIP:PHIP, 2405:HUPFP0083A5_SATB1:SATB1, 2428:CHD3_2:CHD3, 2417:HUPFP0085A1_BRPF1:BRPF1, 2410:HUPFP0085A2_CHD8:CHD8, 2413:HUPFP0085A5_SPEN:SPEN, 2420:ZBTB18_2:ZBTB18, 2414:HUEDQ0587_MYT1L:MYT1L, 2421:EHMT1_1:EHMT1, 2415:HUEDQ0587_ASXL2:ASXL2, 2422:GATAD2B_1:GATAD2B, 2419:HUPFP0085A6_ZEB2:ZEB2, 2425:KMT2E_1:KMT2E, 2405:HUPFP0083A5_SATB1:SATB1, 2428:CHD3_2:CHD3, 2406:HUPFP0085A4_PHF12:PHF12, 2429:CTCF_1:CTCF, 2417:HUPFP0085A1_BRPF1:BRPF1, 2433:HLAA:HLAA, 2434:HLAA_corrected:HLAA]
HUPFP0094A1	E03	HUEDQ0587	H03	Miseq_115	108	HUEDQ0587_ASXL3		ASXL3	[HUEDQ0587_H03]	[Miseq_115_H15, Miseq_115_P03]	[2416:HUEDQ0587_ASXL3:ASXL3, 2409:HUPFP0085A3_HDAC2:HDAC2, 2413:HUPFP0085A5_SPEN:SPEN, 2415:HUEDQ0587_ASXL2:ASXL2, 2419:HUPFP0085A6_ZEB2:ZEB2, 2418:HUPFP0082A6_PHIP:PHIP, 2405:HUPFP0083A5_SATB1:SATB1, 2410:HUPFP0085A2_CHD8:CHD8, 2413:HUPFP0085A5_SPEN:SPEN, 2414:HUEDQ0587_MYT1L:MYT1L, 2421:EHMT1_1:EHMT1, 2419:HUPFP0085A6_ZEB2:ZEB2, 2424:AUTS2_1:AUTS2, 2425:KMT2E_1:KMT2E, 2405:HUPFP0083A5_SATB1:SATB1, 2406:HUPFP0085A4_PHF12:PHF12, 2417:HUPFP0085A1_BRPF1:BRPF1, 2433:HLAA:HLAA, 2434:HLAA_corrected:HLAA]
HUPFP0094A1	E11	HUEDQ0587	A04	Miseq_115	116	HUEDQ0587_ASXL3		ASXL3	[HUEDQ0587_A04]	[Miseq_115_A16, Miseq_115_I04]	[2416:HUEDQ0587_ASXL3:ASXL3, 2409:HUPFP0085A3_HDAC2:HDAC2, 2413:HUPFP0085A5_SPEN:SPEN, 2414:HUEDQ0587_MYT1L:MYT1L, 2415:HUEDQ0587_ASXL2:ASXL2, 2422:GATAD2B_1:GATAD2B, 2418:HUPFP0082A6_PHIP:PHIP, 2405:HUPFP0083A5_SATB1:SATB1, 2406:HUPFP0085A4_PHF12:PHF12, 2410:HUPFP0085A2_CHD8:CHD8, 2413:HUPFP0085A5_SPEN:SPEN, 2414:HUEDQ0587_MYT1L:MYT1L, 2421:EHMT1_1:EHMT1, 2415:HUEDQ0587_ASXL2:ASXL2, 2422:GATAD2B_1:GATAD2B, 2419:HUPFP0085A6_ZEB2:ZEB2, 2424:AUTS2_1:AUTS2, 2425:KMT2E_1:KMT2E, 2427:CREBBP_3:CREBBP, 2405:HUPFP0083A5_SATB1:SATB1, 2428:CHD3_2:CHD3, 2406:HUPFP0085A4_PHF12:PHF12, 2429:CTCF_1:CTCF, 2417:HUPFP0085A1_BRPF1:BRPF1, 2433:HLAA:HLAA, 2434:HLAA_corrected:HLAA]
HUPFP0094A1	H01	HUEDQ0587	G03	Miseq_115	124	HUEDQ0587_ASXL3		ASXL3	[HUEDQ0587_G03]	[Miseq_115_G15, Miseq_115_O03]	[2409:HUPFP0085A3_HDAC2:HDAC2, 2410:HUPFP0085A2_CHD8:CHD8, 2413:HUPFP0085A5_SPEN:SPEN, 2415:HUEDQ0587_ASXL2:ASXL2, 2418:HUPFP0082A6_PHIP:PHIP, 2405:HUPFP0083A5_SATB1:SATB1, 2417:HUPFP0085A1_BRPF1:BRPF1, 2410:HUPFP0085A2_CHD8:CHD8, 2413:HUPFP0085A5_SPEN:SPEN, 2414:HUEDQ0587_MYT1L:MYT1L, 2421:EHMT1_1:EHMT1, 2415:HUEDQ0587_ASXL2:ASXL2, 2422:GATAD2B_1:GATAD2B, 2419:HUPFP0085A6_ZEB2:ZEB2, 2424:AUTS2_1:AUTS2, 2426:CTNNB1_4:CTNNB1, 2427:CREBBP_3:CREBBP, 2405:HUPFP0083A5_SATB1:SATB1, 2406:HUPFP0085A4_PHF12:PHF12, 2429:CTCF_1:CTCF, 2430:DNMT3A_1:DNMT3A, 2417:HUPFP0085A1_BRPF1:BRPF1, 2433:HLAA:HLAA, 2434:HLAA_corrected:HLAA]
HUPFP0095A2	A05	HUEDQ0586	B01	Miseq_114	9	HUEDQ0586_LGR6		LGR6	[HUEDQ0586_B01]	[Miseq_114_B13, Miseq_114_B01]	[2383:HUEDQ0586_NSD1_plate1:NSD1, 2378:HUPFP0083A7_TCF7L2:TCF7L2, 2379:HUPFP0083A2_CNOT3:CNOT3, 2386:HUPFP0092_A3:KMT2E, 2387:HUPFP0069_A7_plate1:POGZ, 2389:HUPFP0069_A7_plate2:POGZ, 2392:HUPFP0091_A1:DNMT3A, 2393:HUPFP0092_A1:GATAD2B, 2377:HUPFP0083A9_ASXL2:ASXL2, 2395:HUPFP0067_A2:CREBBP, 2396:HUPFP0090_A3:EHMT1, 2399:PLCG2_656_NI:PLCG2, 2401:HUPFP0067_A6:CTCF, 2402:HUPFP0090_A4:ZBTB18, 2403:HUPFP0090_A1:CTNNB1, 2376:HUEDQ0586_LGR6:LGR6, 2398:HUPFP0093_A2:AHDC1, 2385:MR1_2:MR1, 2390:HLAA:HLAA, 2391:CD1D_1:CD1D, 2394:PLCG2_647_NI_Subclone:PLCG2, 2397:B2M_2:B2M, 2399:PLCG2_656_NI:PLCG2, 2400:HUPFP0092_A4:CHD3, 2376:HUEDQ0586_LGR6:LGR6, 2435:HLAA_corrected:HLAA]
HUPFP0095A2	A09	HUEDQ0586	C01	Miseq_114	17	HUEDQ0586_LGR6		LGR6	[HUEDQ0586_C01]	[Miseq_114_C13, Miseq_114_C01]	[2383:HUEDQ0586_NSD1_plate1:NSD1, 2378:HUPFP0083A7_TCF7L2:TCF7L2, 2379:HUPFP0083A2_CNOT3:CNOT3, 2386:HUPFP0092_A3:KMT2E, 2387:HUPFP0069_A7_plate1:POGZ, 2388:HUPFP0091_A2:AUTS2, 2392:HUPFP0091_A1:DNMT3A, 2393:HUPFP0092_A1:GATAD2B, 2377:HUPFP0083A9_ASXL2:ASXL2, 2395:HUPFP0067_A2:CREBBP, 2399:PLCG2_656_NI:PLCG2, 2400:HUPFP0092_A4:CHD3, 2401:HUPFP0067_A6:CTCF, 2402:HUPFP0090_A4:ZBTB18, 2376:HUEDQ0586_LGR6:LGR6, 2398:HUPFP0093_A2:AHDC1, 2384:CD1D_2:CD1D, 2385:MR1_2:MR1, 2390:HLAA:HLAA, 2391:CD1D_1:CD1D, 2394:PLCG2_647_NI_Subclone:PLCG2, 2399:PLCG2_656_NI:PLCG2, 2376:HUEDQ0586_LGR6:LGR6, 2435:HLAA_corrected:HLAA]
HUPFP0095A2	D02	HUEDQ0586	D01	Miseq_114	25	HUEDQ0586_LGR6		LGR6	[HUEDQ0586_D01]	[Miseq_114_D01, Miseq_114_D13]	[2390:HLAA:HLAA, 2394:PLCG2_647_NI_Subclone:PLCG2, 2397:B2M_2:B2M, 2399:PLCG2_656_NI:PLCG2, 2400:HUPFP0092_A4:CHD3, 2376:HUEDQ0586_LGR6:LGR6, 2435:HLAA_corrected:HLAA, 2383:HUEDQ0586_NSD1_plate1:NSD1, 2378:HUPFP0083A7_TCF7L2:TCF7L2, 2379:HUPFP0083A2_CNOT3:CNOT3, 2382:HUEDQ0586_NSD1_plate2:NSD1, 2386:HUPFP0092_A3:KMT2E, 2388:HUPFP0091_A2:AUTS2, 2389:HUPFP0069_A7_plate2:POGZ, 2392:HUPFP0091_A1:DNMT3A, 2393:HUPFP0092_A1:GATAD2B, 2377:HUPFP0083A9_ASXL2:ASXL2, 2395:HUPFP0067_A2:CREBBP, 2396:HUPFP0090_A3:EHMT1, 2399:PLCG2_656_NI:PLCG2, 2401:HUPFP0067_A6:CTCF, 2402:HUPFP0090_A4:ZBTB18, 2403:HUPFP0090_A1:CTNNB1, 2398:HUPFP0093_A2:AHDC1]
HUPFP0083A9	B12	HUEDQ0587	E03	Miseq_115	98	HUEDQ0587_ASXL2		ASXL2	[HUEDQ0587_E03]	[Miseq_115_M03, Miseq_115_E15]	[2410:HUPFP0085A2_CHD8:CHD8, 2413:HUPFP0085A5_SPEN:SPEN, 2414:HUEDQ0587_MYT1L:MYT1L, 2422:GATAD2B_1:GATAD2B, 2419:HUPFP0085A6_ZEB2:ZEB2, 2426:CTNNB1_4:CTNNB1, 2427:CREBBP_3:CREBBP, 2405:HUPFP0083A5_SATB1:SATB1, 2406:HUPFP0085A4_PHF12:PHF12, 2429:CTCF_1:CTCF, 2430:DNMT3A_1:DNMT3A, 2417:HUPFP0085A1_BRPF1:BRPF1, 2433:HLAA:HLAA, 2434:HLAA_corrected:HLAA, 2416:HUEDQ0587_ASXL3:ASXL3, 2409:HUPFP0085A3_HDAC2:HDAC2, 2413:HUPFP0085A5_SPEN:SPEN, 2415:HUEDQ0587_ASXL2:ASXL2, 2418:HUPFP0082A6_PHIP:PHIP, 2405:HUPFP0083A5_SATB1:SATB1]
HUPFP0083A9	C05	HUEDQ0587	E02	Miseq_115	146	HUEDQ0587_ASXL2		ASXL2	[HUEDQ0587_E02]	[Miseq_115_E14, Miseq_115_M02]	[2416:HUEDQ0587_ASXL3:ASXL3, 2409:HUPFP0085A3_HDAC2:HDAC2, 2415:HUEDQ0587_ASXL2:ASXL2, 2418:HUPFP0082A6_PHIP:PHIP, 2405:HUPFP0083A5_SATB1:SATB1, 2410:HUPFP0085A2_CHD8:CHD8, 2413:HUPFP0085A5_SPEN:SPEN, 2414:HUEDQ0587_MYT1L:MYT1L, 2421:EHMT1_1:EHMT1, 2422:GATAD2B_1:GATAD2B, 2419:HUPFP0085A6_ZEB2:ZEB2, 2427:CREBBP_3:CREBBP, 2405:HUPFP0083A5_SATB1:SATB1, 2406:HUPFP0085A4_PHF12:PHF12, 2429:CTCF_1:CTCF, 2417:HUPFP0085A1_BRPF1:BRPF1, 2433:HLAA:HLAA, 2434:HLAA_corrected:HLAA]
HUPFP0083A9	D07	HUEDQ0587	H02	Miseq_115	170	HUEDQ0587_ASXL2		ASXL2	[HUEDQ0587_H02]	[Miseq_115_P02, Miseq_115_H14]	[2410:HUPFP0085A2_CHD8:CHD8, 2413:HUPFP0085A5_SPEN:SPEN, 2414:HUEDQ0587_MYT1L:MYT1L, 2421:EHMT1_1:EHMT1, 2415:HUEDQ0587_ASXL2:ASXL2, 2422:GATAD2B_1:GATAD2B, 2419:HUPFP0085A6_ZEB2:ZEB2, 2426:CTNNB1_4:CTNNB1, 2427:CREBBP_3:CREBBP, 2405:HUPFP0083A5_SATB1:SATB1, 2428:CHD3_2:CHD3, 2406:HUPFP0085A4_PHF12:PHF12, 2429:CTCF_1:CTCF, 2417:HUPFP0085A1_BRPF1:BRPF1, 2409:HUPFP0085A3_HDAC2:HDAC2, 2415:HUEDQ0587_ASXL2:ASXL2, 2418:HUPFP0082A6_PHIP:PHIP, 2405:HUPFP0083A5_SATB1:SATB1, 2406:HUPFP0085A4_PHF12:PHF12, 2429:CTCF_1:CTCF]
HUPFP0083A9	E02	HUEDQ0587	F03	Miseq_115	106	HUEDQ0587_ASXL2		ASXL2	[HUEDQ0587_F03]	[Miseq_115_N03, Miseq_115_F15]	[2410:HUPFP0085A2_CHD8:CHD8, 2413:HUPFP0085A5_SPEN:SPEN, 2414:HUEDQ0587_MYT1L:MYT1L, 2421:EHMT1_1:EHMT1, 2422:GATAD2B_1:GATAD2B, 2419:HUPFP0085A6_ZEB2:ZEB2, 2425:KMT2E_1:KMT2E, 2426:CTNNB1_4:CTNNB1, 2427:CREBBP_3:CREBBP, 2405:HUPFP0083A5_SATB1:SATB1, 2428:CHD3_2:CHD3, 2406:HUPFP0085A4_PHF12:PHF12, 2417:HUPFP0085A1_BRPF1:BRPF1, 2433:HLAA:HLAA, 2434:HLAA_corrected:HLAA, 2416:HUEDQ0587_ASXL3:ASXL3, 2409:HUPFP0085A3_HDAC2:HDAC2, 2415:HUEDQ0587_ASXL2:ASXL2, 2418:HUPFP0082A6_PHIP:PHIP, 2406:HUPFP0085A4_PHF12:PHF12]
HUPFP0083A9	F05	HUEDQ0587	D03	Miseq_115	114	HUEDQ0587_ASXL2		ASXL2	[HUEDQ0587_D03]	[Miseq_115_L03, Miseq_115_D15]	[2416:HUEDQ0587_ASXL3:ASXL3, 2410:HUPFP0085A2_CHD8:CHD8, 2413:HUPFP0085A5_SPEN:SPEN, 2414:HUEDQ0587_MYT1L:MYT1L, 2421:EHMT1_1:EHMT1, 2415:HUEDQ0587_ASXL2:ASXL2, 2419:HUPFP0085A6_ZEB2:ZEB2, 2426:CTNNB1_4:CTNNB1, 2405:HUPFP0083A5_SATB1:SATB1, 2406:HUPFP0085A4_PHF12:PHF12, 2429:CTCF_1:CTCF, 2417:HUPFP0085A1_BRPF1:BRPF1, 2433:HLAA:HLAA, 2434:HLAA_corrected:HLAA, 2416:HUEDQ0587_ASXL3:ASXL3, 2409:HUPFP0085A3_HDAC2:HDAC2, 2415:HUEDQ0587_ASXL2:ASXL2, 2418:HUPFP0082A6_PHIP:PHIP, 2405:HUPFP0083A5_SATB1:SATB1]
HUPFP0083A9	G01	HUEDQ0587	F02	Miseq_115	154	HUEDQ0587_ASXL2		ASXL2	[HUEDQ0587_F02]	[Miseq_115_N02, Miseq_115_F14]	[2410:HUPFP0085A2_CHD8:CHD8, 2413:HUPFP0085A5_SPEN:SPEN, 2414:HUEDQ0587_MYT1L:MYT1L, 2421:EHMT1_1:EHMT1, 2415:HUEDQ0587_ASXL2:ASXL2, 2422:GATAD2B_1:GATAD2B, 2419:HUPFP0085A6_ZEB2:ZEB2, 2425:KMT2E_1:KMT2E, 2426:CTNNB1_4:CTNNB1, 2427:CREBBP_3:CREBBP, 2405:HUPFP0083A5_SATB1:SATB1, 2406:HUPFP0085A4_PHF12:PHF12, 2429:CTCF_1:CTCF, 2417:HUPFP0085A1_BRPF1:BRPF1, 2433:HLAA:HLAA, 2434:HLAA_corrected:HLAA, 2416:HUEDQ0587_ASXL3:ASXL3, 2409:HUPFP0085A3_HDAC2:HDAC2, 2410:HUPFP0085A2_CHD8:CHD8, 2413:HUPFP0085A5_SPEN:SPEN, 2418:HUPFP0082A6_PHIP:PHIP, 2417:HUPFP0085A1_BRPF1:BRPF1]
HUPFP0083A9	G11	HUEDQ0587	B03	Miseq_115	130	HUEDQ0587_ASXL2		ASXL2	[HUEDQ0587_B03]	[Miseq_115_B15, Miseq_115_J03]	[2416:HUEDQ0587_ASXL3:ASXL3, 2409:HUPFP0085A3_HDAC2:HDAC2, 2415:HUEDQ0587_ASXL2:ASXL2, 2419:HUPFP0085A6_ZEB2:ZEB2, 2418:HUPFP0082A6_PHIP:PHIP, 2410:HUPFP0085A2_CHD8:CHD8, 2413:HUPFP0085A5_SPEN:SPEN, 2414:HUEDQ0587_MYT1L:MYT1L, 2420:ZBTB18_2:ZBTB18, 2421:EHMT1_1:EHMT1, 2415:HUEDQ0587_ASXL2:ASXL2, 2422:GATAD2B_1:GATAD2B, 2419:HUPFP0085A6_ZEB2:ZEB2, 2427:CREBBP_3:CREBBP, 2405:HUPFP0083A5_SATB1:SATB1, 2428:CHD3_2:CHD3, 2406:HUPFP0085A4_PHF12:PHF12, 2429:CTCF_1:CTCF, 2417:HUPFP0085A1_BRPF1:BRPF1, 2433:HLAA:HLAA, 2434:HLAA_corrected:HLAA]
HUPFP0083A9	H06	HUEDQ0587	G02	Miseq_115	162	HUEDQ0587_ASXL2		ASXL2	[HUEDQ0587_G02]	[Miseq_115_O02, Miseq_115_G14]	[2410:HUPFP0085A2_CHD8:CHD8, 2413:HUPFP0085A5_SPEN:SPEN, 2414:HUEDQ0587_MYT1L:MYT1L, 2421:EHMT1_1:EHMT1, 2415:HUEDQ0587_ASXL2:ASXL2, 2422:GATAD2B_1:GATAD2B, 2419:HUPFP0085A6_ZEB2:ZEB2, 2427:CREBBP_3:CREBBP, 2405:HUPFP0083A5_SATB1:SATB1, 2428:CHD3_2:CHD3, 2406:HUPFP0085A4_PHF12:PHF12, 2417:HUPFP0085A1_BRPF1:BRPF1, 2433:HLAA:HLAA, 2434:HLAA_corrected:HLAA, 2416:HUEDQ0587_ASXL3:ASXL3, 2409:HUPFP0085A3_HDAC2:HDAC2, 2410:HUPFP0085A2_CHD8:CHD8, 2418:HUPFP0082A6_PHIP:PHIP, 2405:HUPFP0083A5_SATB1:SATB1]
HUPFP0083A9	H07	HUEDQ0587	C03	Miseq_115	122	HUEDQ0587_ASXL2		ASXL2	[HUEDQ0587_C03]	[Miseq_115_K03, Miseq_115_C15]	[2410:HUPFP0085A2_CHD8:CHD8, 2413:HUPFP0085A5_SPEN:SPEN, 2414:HUEDQ0587_MYT1L:MYT1L, 2421:EHMT1_1:EHMT1, 2422:GATAD2B_1:GATAD2B, 2419:HUPFP0085A6_ZEB2:ZEB2, 2424:AUTS2_1:AUTS2, 2425:KMT2E_1:KMT2E, 2426:CTNNB1_4:CTNNB1, 2427:CREBBP_3:CREBBP, 2405:HUPFP0083A5_SATB1:SATB1, 2428:CHD3_2:CHD3, 2406:HUPFP0085A4_PHF12:PHF12, 2429:CTCF_1:CTCF, 2417:HUPFP0085A1_BRPF1:BRPF1, 2433:HLAA:HLAA, 2434:HLAA_corrected:HLAA, 2416:HUEDQ0587_ASXL3:ASXL3, 2409:HUPFP0085A3_HDAC2:HDAC2, 2410:HUPFP0085A2_CHD8:CHD8, 2421:EHMT1_1:EHMT1, 2415:HUEDQ0587_ASXL2:ASXL2, 2418:HUPFP0082A6_PHIP:PHIP, 2405:HUPFP0083A5_SATB1:SATB1, 2417:HUPFP0085A1_BRPF1:BRPF1]
HUPFP0083A9	H11	HUEDQ0587	A03	Miseq_115	138	HUEDQ0587_ASXL2		ASXL2	[HUEDQ0587_A03]	[Miseq_115_A15, Miseq_115_I03]	[2416:HUEDQ0587_ASXL3:ASXL3, 2409:HUPFP0085A3_HDAC2:HDAC2, 2414:HUEDQ0587_MYT1L:MYT1L, 2415:HUEDQ0587_ASXL2:ASXL2, 2422:GATAD2B_1:GATAD2B, 2418:HUPFP0082A6_PHIP:PHIP, 2406:HUPFP0085A4_PHF12:PHF12, 2410:HUPFP0085A2_CHD8:CHD8, 2413:HUPFP0085A5_SPEN:SPEN, 2420:ZBTB18_2:ZBTB18, 2414:HUEDQ0587_MYT1L:MYT1L, 2421:EHMT1_1:EHMT1, 2422:GATAD2B_1:GATAD2B, 2419:HUPFP0085A6_ZEB2:ZEB2, 2424:AUTS2_1:AUTS2, 2426:CTNNB1_4:CTNNB1, 2427:CREBBP_3:CREBBP, 2405:HUPFP0083A5_SATB1:SATB1, 2428:CHD3_2:CHD3, 2406:HUPFP0085A4_PHF12:PHF12, 2429:CTCF_1:CTCF, 2430:DNMT3A_1:DNMT3A, 2417:HUPFP0085A1_BRPF1:BRPF1, 2433:HLAA:HLAA, 2434:HLAA_corrected:HLAA]
HUPFP0102A12	A02	HUEDQ0611	B03	MiSEQ_123	205	HUEDQ0611_PHF6	FP plate should be HUPFP102B12	PHF6	[HUEDQ0611_B03]	[]	[]
HUPFP0102A12	A08	HUEDQ0611	B02	MiSEQ_123	213	HUEDQ0611_PHF6		PHF6	[HUEDQ0611_B02]	[]	[]
HUPFP0102A12	A11	HUEDQ0611	C06	MiSEQ_123	221	HUEDQ0611_PHF6		PHF6	[HUEDQ0611_C06]	[]	[]
HUPFP0102A12	C02	HUEDQ0611	B04	MiSEQ_123	229	HUEDQ0611_PHF6		PHF6	[HUEDQ0611_B04]	[]	[]
HUPFP0102A12	C09	HUEDQ0611	B05	MiSEQ_123	237	HUEDQ0611_PHF6		PHF6	[HUEDQ0611_B05]	[]	[]
HUPFP0102A12	C10	HUEDQ0611	C04	MiSEQ_123	206	HUEDQ0611_PHF6		PHF6	[HUEDQ0611_C04]	[]	[]
HUPFP0102A12	D01	HUEDQ0611	B06	MiSEQ_123	214	HUEDQ0611_PHF6		PHF6	[HUEDQ0611_B06]	[]	[]
HUPFP0102A12	E01	HUEDQ0611	C05	MiSEQ_123	222	HUEDQ0611_PHF6		PHF6	[HUEDQ0611_C05]	[]	[]
HUPFP0102A12	G07	HUEDQ0611	C07	MiSEQ_123	230	HUEDQ0611_PHF6		PHF6	[HUEDQ0611_C07]	[MiSEQ_123_K07]	[2797:HUEDQ0613_ARID1B:ARID1B]
HUPFP0102A12	G12	HUEDQ0611	C02	MiSEQ_123	238	HUEDQ0611_PHF6		PHF6	[HUEDQ0611_C02]	[]	[]
HUPFP0102B12	C04	HUEDQ0611	C03	MiSEQ_123	247	HUEDQ0611_PHF6		PHF6	[HUEDQ0611_C03]	[]	[]
HUPFP0106B2	A03	HUEDQ0611	D03	MiSEQ_123	215	HUEDQ0611_SIN3A		SIN3A	[HUEDQ0611_D03]	[]	[]
HUPFP0106B2	A11	HUEDQ0611	D02	MiSEQ_123	207	HUEDQ0611_SIN3A		SIN3A	[HUEDQ0611_D02]	[]	[]
HUPFP0102A5	A04	HUEDQ0613	B02	MiSEQ_123	202	HUEDQ0613_ARID1B		ARID1B	[HUEDQ0613_B02]	[]	[]
HUPFP0102A5	B10	HUEDQ0613	C05	MiSEQ_123	227	HUEDQ0613_ARID1B		ARID1B	[HUEDQ0613_C05]	[]	[]
HUPFP0102A5	C02	HUEDQ0613	B06	MiSEQ_123	234	HUEDQ0613_ARID1B		ARID1B	[HUEDQ0613_B06]	[]	[]
HUPFP0102A5	C03	HUEDQ0613	C06	MiSEQ_123	235	HUEDQ0613_ARID1B		ARID1B	[HUEDQ0613_C06]	[]	[]
HUPFP0102A5	C07	HUEDQ0613	B04	MiSEQ_123	218	HUEDQ0613_ARID1B		ARID1B	[HUEDQ0613_B04]	[]	[]
HUPFP0102A5	C11	HUEDQ0613	C04	MiSEQ_123	219	HUEDQ0613_ARID1B		ARID1B	[HUEDQ0613_C04]	[]	[]
HUPFP0102A5	D10	HUEDQ0613	C02	MiSEQ_123	203	HUEDQ0613_ARID1B		ARID1B	[HUEDQ0613_C02]	[]	[]
HUPFP0102A5	E06	HUEDQ0613	C03	MiSEQ_123	211	HUEDQ0613_ARID1B		ARID1B	[HUEDQ0613_C03]	[]	[]
HUPFP0102A5	G08	HUEDQ0613	B03	MiSEQ_123	210	HUEDQ0613_ARID1B		ARID1B	[HUEDQ0613_B03]	[]	[]
HUPFP0102A5	H09	HUEDQ0613	B05	MiSEQ_123	226	HUEDQ0613_ARID1B		ARID1B	[HUEDQ0613_B05]	[]	[]